Date,Source,Signal Type,Ticker,Entity,Direction,Value (USD),Traded At,More Info
2026-03-24 13:02,sec_form144,form144_presale,,Stehlin David,SELL,37907.33,2026-03-23,Nano Dimension Ltd.
2026-03-24 13:02,sec_form144,form144_presale,,Brenton John,SELL,33471.81,2026-03-23,Nano Dimension Ltd.
2026-03-24 11:33,sec_form144,form144_presale,,JEK TRUST U/A DTD 02/08/2021,SELL,2046120.0,2026-03-23,ALIGNMENT HEALTHCARE INC
2026-03-24 11:33,sec_form144,form144_presale,,AGARWAL 2018 FAMILY TRUST,SELL,2501600.0,2026-03-23,"Datadog, Inc."
2026-03-24 11:33,sec_form144,form144_presale,,DAVID SCHWARZBACH,SELL,187500.0,2026-03-23,YELP INC.
2026-03-24 11:33,sec_form144,form144_presale,,PATRIZIO VINCIARELLI,SELL,974734.96,2026-03-23,VICOR CORPORATION
2026-03-24 11:33,sec_form144,form144_presale,,JACOB SUEN,SELL,4770.0,2026-03-23,"AIRGAIN, INC."
2026-03-24 11:33,sec_form144,form144_presale,,SONALEE PAREKH,SELL,124468.05,2026-03-23,ASANA INC
2026-03-24 11:33,sec_form144,form144_presale,,KAREN FOSTER,SELL,48576.45,2026-03-23,"BioLife Solutions, Inc."
2026-03-24 11:33,sec_form144,form144_presale,,DIANA SROKA,SELL,8796.65,2026-03-23,"SOUNDHOUND AI, INC."
2026-03-24 11:33,sec_form144,form144_presale,,LUIS MULLER,SELL,10818563.0,2026-03-23,CELESTICA INC
2026-03-24 11:33,sec_form144,form144_presale,,Scarlett Kathleen,SELL,515291.34,2026-03-23,BEST BUY CO INC
2026-03-24 11:33,sec_form144,form144_presale,,Shah Niraj,SELL,8323118.54,2026-03-23,Wayfair Inc.
2026-03-24 11:33,sec_form144,form144_presale,,Terrance Coyne,SELL,1586817.51,2026-03-23,Royalty Pharma plc
2026-03-24 11:33,sec_form144,form144_presale,,Weber David A.,SELL,79329.64,2026-03-23,Northwest Natural Holding Co
2026-03-24 11:33,sec_form144,form144_presale,,KINSEY WOLF,SELL,59057.28,2026-03-23,HYATT HOTELS CORPORATION
2026-03-24 11:33,sec_form144,form144_presale,,Barry Corie S,SELL,2744443.37,2026-03-23,BEST BUY CO INC
2026-03-24 11:33,sec_form144,form144_presale,,Paul Campbell,SELL,283508.28,2026-03-23,Viatris Inc
2026-03-24 11:33,sec_form144,form144_presale,,WILLIAM S. SIMON,SELL,468081.69,2026-03-23,"DARDEN RESTAURANTS, INC."
2026-03-24 11:33,sec_form144,form144_presale,,Prame Thomas M,SELL,107744.0,2026-03-23,HORIZON BANCORP INC /IN/
2026-03-24 11:33,sec_form144,form144_presale,,Conine Steven,SELL,8330639.27,2026-03-23,Wayfair Inc.
2026-03-24 11:33,sec_form144,form144_presale,,Bonfig Jason J,SELL,405626.29,2026-03-23,BEST BUY CO INC
2026-03-24 11:33,sec_form144,form144_presale,,KANG SUN,SELL,3507631.4,2026-03-23,"AMPRIUS TECHNOLOGIES, INC."
2026-03-24 11:33,sec_form144,form144_presale,,Hartman Todd G.,SELL,341799.04,2026-03-23,BEST BUY CO INC
2026-03-24 11:33,sec_form144,form144_presale,,TIMOTHY J. STEFFAN,SELL,152028.74,2026-03-23,"COMSTOCK HOLDING COMPANIES, INC."
2026-03-24 11:33,sec_form144,form144_presale,,PLANTE ROBERT A.,SELL,94513.89,2026-03-23,PEAPACK GLADSTONE FINANCIAL CORP
2026-03-24 11:33,sec_form144,form144_presale,,BABCOCK JOHN P,SELL,118314.33,2026-03-23,PEAPACK GLADSTONE FINANCIAL CORP
2026-03-24 11:33,sec_form144,form144_presale,,Hemhauser Maureen,SELL,17128.06,2026-03-23,PEAPACK GLADSTONE FINANCIAL CORP
2026-03-24 11:33,sec_form144,form144_presale,,Yao Huiwen,SELL,3597200.0,2026-03-23,"AST SpaceMobile, Inc."
2026-03-24 11:33,sec_form144,form144_presale,,Luis Andre Carpintero Blanco,SELL,749939.19,2026-03-25,Afya Ltd
2026-03-24 11:33,sec_form144,form144_presale,,Scannell William F,SELL,23606055.0,2026-03-23,Dell Technologies Inc.
2026-03-24 11:33,sec_form144,form144_presale,,Lee Kang Jyh,SELL,390000.0,2026-03-23,PHOTRONICS INC
2026-03-24 11:33,sec_form144,form144_presale,,Sargent Family Investment LLC,SELL,2300000.0,2026-03-23,Five Below Inc.
2026-03-24 11:33,sec_form144,form144_presale,,Robin Leopold,SELL,127760.98,2026-03-23,JPMORGAN CHASE & CO.
2026-03-24 11:33,sec_form144,form144_presale,,Gurusamy Mathi,SELL,86452.4,2026-03-13,LANTRONIX INC
2026-03-24 11:33,sec_form144,form144_presale,,Blain Tiffany,SELL,797415.9,2026-03-23,Kaiser Aluminum
2026-03-24 11:33,sec_form144,form144_presale,,MICHAEL A STANKEY,SELL,15422433.0,2026-03-23,"OKTA, INC."
2026-03-24 11:33,sec_form144,form144_presale,,Nicholas Olds,SELL,888371.58,2026-03-23,Conoco Phillips
2026-03-24 11:33,sec_form144,form144_presale,,George Robert Kurtz,SELL,13053235.0,2026-03-23,"CROWDSTRIKE HOLDINGS, INC."
2026-03-24 11:33,sec_form144,form144_presale,,Michael Lewis Black,SELL,84650000.0,2026-03-23,Almonty Industries Inc.
2026-03-24 11:33,sec_form144,form144_presale,,Daniel D'Amato,SELL,84650000.0,2026-03-23,Almonty Industries Inc.
2026-03-24 11:33,sec_form144,form144_presale,,Lee Yew Hon,SELL,151620.0,2026-03-24,"FingerMotion, Inc."
2026-03-24 11:33,sec_form144,form144_presale,,"SL SPV-2, L.P.",SELL,26043930.6,2026-03-23,Dell Technologies Inc.
2026-03-24 11:33,sec_form144,form144_presale,,"Silver Lake Partners IV, L.P.",SELL,30186079.17,2026-03-23,Dell Technologies Inc.
2026-03-24 11:33,sec_form144,form144_presale,,"Silver Lake Partners V DE (AIV), L.P.",SELL,15461593.21,2026-03-23,Dell Technologies Inc.
2026-03-24 11:33,sec_form144,form144_presale,,"Silver Lake Technology Investors IV, L.P.",SELL,576599.19,2026-03-23,Dell Technologies Inc.
2026-03-24 11:33,sec_form144,form144_presale,,"Silver Lake Technology Investors V, L.P.",SELL,259997.83,2026-03-23,Dell Technologies Inc.
2026-03-24 11:33,sec_form144,form144_presale,,Mansi Khetani,SELL,12240.97,2026-03-23,"ChargePoint Holdings, Inc."
2026-03-24 11:33,sec_form144,form144_presale,,Jagdeep Singh,SELL,13570.48,2026-03-23,"ChargePoint Holdings, Inc."
2026-03-24 11:33,sec_form144,form144_presale,,David Vice,SELL,5916.56,2026-03-23,"ChargePoint Holdings, Inc."
2026-03-24 11:33,sec_form144,form144_presale,,Eric Batill,SELL,14274.95,2026-03-23,"ChargePoint Holdings, Inc."
2026-03-24 11:33,sec_form144,form144_presale,,Michael Sentonas,SELL,7921103.0,2026-03-23,"CrowdStrike Holdings, Inc."
2026-03-24 10:05,sec_form4,insider_buy,N/A,Pollack Jonathan Lee,BUY,617977.5,2026-03-20,"Starwood Real Estate Income Trust, Inc."
2026-03-24 10:05,sec_form4,insider_buy,NN,Insley Susan Brasse,BUY,65177.89,2026-03-19,NEXTNAV INC.
2026-03-24 10:05,sec_form4,insider_buy,ALK,Berry Jason M,BUY,10297.89,2026-03-20,"ALASKA AIR GROUP, INC."
2026-03-24 10:05,sec_form4,insider_buy,NN,Black James S,BUY,169428.2646,2026-03-19,NEXTNAV INC.
2026-03-24 10:05,sec_form4,insider_buy,VSCO,McAfee Melinda R.,BUY,650065.75,2026-03-19,Victoria's Secret & Co.
2026-03-24 10:05,sec_form4,insider_buy,AMTX,MCAFEE ERIC A,BUY,792000.0,2026-03-19,"AEMETIS, INC"
2026-03-24 10:05,sec_form4,insider_buy,BCIC,Duka Alexander,BUY,14670.0,2026-03-20,BCP Investment Corp
2026-03-24 10:05,sec_form4,insider_buy,NN,Shams Sammaad,BUY,32000.37,2026-03-19,NEXTNAV INC.
2026-03-24 10:05,sec_form4,insider_sell,KELYA,Soares Nicola M,SELL,5988.290000000001,2026-03-21,KELLY SERVICES INC
2026-03-24 10:05,sec_form4,insider_buy,AASP,Cable Shawn Corey,BUY,4150.0,2026-03-23,Agassi Sports Entertainment Corp.
2026-03-24 10:05,sec_form4,insider_buy,BCIC,Satoren Brandon,BUY,2427.75,2026-03-23,BCP Investment Corp
2026-03-24 10:05,sec_form4,insider_buy,BCIC,Schafer Patrick,BUY,19852.497,2026-03-20,BCP Investment Corp
2026-03-24 10:05,sec_form4,insider_buy,AMTX,BLOCK JOHN R,BUY,26400.0,2026-03-19,"AEMETIS, INC"
2026-03-24 10:05,sec_form4,insider_sell,KELYA,Williams Vanessa Peterson,SELL,8342.95,2026-03-21,KELLY SERVICES INC
2026-03-24 10:05,sec_form4,insider_buy,NN,Gray Timothy,BUY,25444.55,2026-03-19,NEXTNAV INC.
2026-03-24 10:05,sec_form4,insider_sell,CHPT,Wilmer Richard,SELL,44015.4,2026-03-20,"ChargePoint Holdings, Inc."
2026-03-24 10:05,sec_form4,insider_sell,CHPT,Vice John David,SELL,5920.099999999999,2026-03-23,"ChargePoint Holdings, Inc."
2026-03-24 10:05,sec_form4,insider_sell,CHPT,Singh Jagdeep CA,SELL,13578.6,2026-03-23,"ChargePoint Holdings, Inc."
2026-03-24 10:05,sec_form4,insider_sell,CHPT,Batill Eric,SELL,14283.5,2026-03-23,"ChargePoint Holdings, Inc."
2026-03-24 10:05,sec_form4,insider_sell,CHPT,Khetani Mansi,SELL,12248.3,2026-03-23,"ChargePoint Holdings, Inc."
2026-03-24 10:05,sec_form4,insider_buy,STRR,Eberwein Jeffrey E.,BUY,0,2026-03-19,"Star Equity Holdings, Inc."
2026-03-24 10:05,sec_form4,insider_buy,STRR,Diamond Matthew K,BUY,5465.92,2026-03-19,"Star Equity Holdings, Inc."
2026-03-24 10:05,sec_form4,insider_buy,PETV,Costantino Robert J,BUY,25900.0,2026-03-09,"PetVivo Holdings, Inc."
2026-03-24 10:05,sec_form4,insider_buy,PETV,Jasper Joseph William,BUY,25900.0,2026-03-09,"PetVivo Holdings, Inc."
2026-03-24 10:05,sec_form4,insider_buy,PETV,Levitan Diane M,BUY,11100.0,2026-03-09,"PetVivo Holdings, Inc."
2026-03-24 10:05,sec_form4,insider_buy,PETV,Ruben Joshua David,BUY,39835.68,2026-01-02,"PetVivo Holdings, Inc."
2026-03-24 10:05,sec_form4,insider_buy,PETV,Rudelius Robert James,BUY,25900.0,2026-03-09,"PetVivo Holdings, Inc."
2026-03-24 10:05,sec_form4,insider_buy,AUGO,Rosa Luvizotto Glauber,BUY,7578872.490000001,2026-03-19,Aura Minerals Inc.
2026-03-24 10:05,sec_form4,insider_buy,VSCO,Super Hillary,BUY,1126264.9000000001,2026-03-19,Victoria's Secret & Co.
2026-03-24 10:05,sec_form4,insider_buy,VSCO,Preis Elizabeth,BUY,0,2026-03-19,Victoria's Secret & Co.
2026-03-24 10:05,sec_form4,insider_buy,VSCO,Sekella Scott,BUY,0,2026-03-19,Victoria's Secret & Co.
2026-03-24 10:05,sec_form4,insider_buy,VSCO,Borgonovo Lucrecia,BUY,0,2026-03-19,Victoria's Secret & Co.
2026-03-24 10:05,sec_form4,insider_buy,VFF,McLernon John R.,BUY,27250.000000000004,2026-03-19,"Village Farms International, Inc."
2026-03-24 10:05,sec_form4,insider_sell,IMNM,WAGENHEIM PHILIP,SELL,1335626.0,2026-03-20,Immunome Inc.
2026-03-24 10:05,sec_form4,insider_buy,NEOV,Enzendorfer Thomas,BUY,0,2026-03-19,NeoVolta Inc.
2026-03-24 10:05,sec_form4,insider_buy,NEOV,Ibrahim Amany,BUY,0,2026-03-19,NeoVolta Inc.
2026-03-24 10:05,sec_form4,insider_buy,GBLI,Riley Brian Joseph,BUY,0,2026-03-05,"Global Indemnity Group, LLC"
2026-03-24 10:05,sec_form4,insider_buy,FLD,Dickman Thomas J,BUY,58.562,2026-03-19,"Fold Holdings, Inc."
2026-03-24 10:05,sec_form4,insider_buy,FLD,Repass Wolfe,BUY,219.296,2026-03-19,"Fold Holdings, Inc."
2026-03-24 09:57,congress,congress_buy,GOOGL,Shelley Moore Capito,BUY,1001.0,2025-04-29,
2026-03-24 09:57,congress,congress_sell,EL,Sheldon Whitehouse,SELL,1001.0,2025-04-29,
2026-03-24 09:57,congress,congress_sell,SIRI,John Hickenlooper,SELL,50001.0,2025-04-25,
2026-03-24 09:57,congress,congress_sell,LBRDK,John Hickenlooper,SELL,100001.0,2025-05-09,
2026-03-24 09:57,congress,congress_sell,FWONK,John Hickenlooper,SELL,15001.0,2025-05-09,
2026-03-24 09:57,congress,congress_sell,IJR,David H. McCormick,SELL,1001.0,2025-05-06,
2026-03-24 09:57,congress,congress_buy,GOOG,John Fetterman,BUY,1001.0,2025-05-15,
2026-03-24 09:57,congress,congress_buy,LPLA,Markwayne Mullin,BUY,15001.0,2025-05-13,
2026-03-24 09:57,congress,congress_buy,ADBE,Markwayne Mullin,BUY,15001.0,2025-05-13,
2026-03-24 09:57,congress,congress_buy,LRCX,Markwayne Mullin,BUY,15001.0,2025-05-13,
2026-03-24 09:57,congress,congress_buy,TMO,Markwayne Mullin,BUY,15001.0,2025-05-13,
2026-03-24 09:57,congress,congress_buy,VLO,Markwayne Mullin,BUY,50001.0,2025-05-13,
2026-03-24 09:57,congress,congress_sell,SPY,Markwayne Mullin,SELL,500001.0,2025-05-13,
2026-03-24 09:57,congress,congress_buy,AMAT,Markwayne Mullin,BUY,15001.0,2025-05-13,
2026-03-24 09:57,congress,congress_buy,TXN,Markwayne Mullin,BUY,15001.0,2025-05-13,
2026-03-24 09:57,congress,congress_buy,LHX,Markwayne Mullin,BUY,15001.0,2025-05-13,
2026-03-24 09:57,congress,congress_buy,CSX,Markwayne Mullin,BUY,15001.0,2025-05-13,
2026-03-24 09:57,congress,congress_buy,COP,Markwayne Mullin,BUY,15001.0,2025-05-13,
2026-03-24 09:57,congress,congress_buy,CVX,Markwayne Mullin,BUY,50001.0,2025-05-13,
2026-03-24 09:57,congress,congress_buy,ZTS,Markwayne Mullin,BUY,50001.0,2025-05-13,
2026-03-24 09:57,congress,congress_buy,LBRDK,John Hickenlooper,BUY,250001.0,2025-05-19,
2026-03-24 09:57,congress,congress_buy,GOOGL,Shelley Moore Capito,BUY,1001.0,2025-05-08,
2026-03-24 09:57,congress,congress_buy,NVDA,John Boozman,BUY,1001.0,2025-05-13,
2026-03-24 09:57,congress,congress_buy,META,John Boozman,BUY,1001.0,2025-05-16,
2026-03-24 09:57,congress,congress_buy,HD,John Boozman,BUY,1001.0,2025-05-16,
2026-03-24 09:57,congress,congress_buy,AMZN,John Boozman,BUY,1001.0,2025-05-16,
2026-03-24 09:57,congress,congress_buy,GOOGL,John Boozman,BUY,1001.0,2025-05-20,
2026-03-24 09:57,congress,congress_buy,HD,John Boozman,BUY,1001.0,2025-05-20,
2026-03-24 09:57,congress,congress_buy,ATO,John Boozman,BUY,1001.0,2025-05-20,
2026-03-24 09:57,congress,congress_buy,RTX,John Boozman,BUY,1001.0,2025-05-30,
2026-03-24 09:57,congress,congress_buy,META,John Boozman,BUY,1001.0,2025-05-30,
2026-03-24 09:57,congress,congress_sell,VLO,John Boozman,SELL,1001.0,2025-05-13,
2026-03-24 09:57,congress,congress_sell,TBLL,John Boozman,SELL,1001.0,2025-05-16,
2026-03-24 09:57,congress,congress_sell,LOW,John Boozman,SELL,1001.0,2025-05-20,
2026-03-24 09:57,congress,congress_sell,DTE,John Boozman,SELL,1001.0,2025-05-20,
2026-03-24 09:57,congress,congress_sell,GD,John Boozman,SELL,1001.0,2025-05-20,
2026-03-24 09:57,congress,congress_sell,NRG,John Boozman,SELL,1001.0,2025-05-20,
2026-03-24 09:57,congress,congress_sell,FBIN,John Boozman,SELL,1001.0,2025-05-30,
2026-03-24 09:57,congress,congress_buy,GOOG,Jerry Moran,BUY,1001.0,2025-05-08,
2026-03-24 09:57,congress,congress_buy,WFC,A. Mitchell Jr. McConnell,BUY,1001.0,2025-06-01,
2026-03-24 09:57,congress,congress_sell,PFE,Ron Wyden,SELL,1001.0,2025-06-03,
2026-03-24 09:57,congress,congress_sell,ADI,Shelley Moore Capito,SELL,1001.0,2025-06-18,
2026-03-24 09:57,congress,congress_sell,XOM,Shelley Moore Capito,SELL,1001.0,2025-06-18,
2026-03-24 09:57,congress,congress_sell,MSFT,Shelley Moore Capito,SELL,1001.0,2025-06-18,
2026-03-24 09:57,congress,congress_sell,WFC,Shelley Moore Capito,SELL,1001.0,2025-06-18,
2026-03-24 09:57,congress,congress_sell,C,Shelley Moore Capito,SELL,1001.0,2025-06-18,
2026-03-24 09:57,congress,congress_sell,UNH,Shelley Moore Capito,SELL,1001.0,2025-06-23,
2026-03-24 09:57,congress,congress_sell,LAZR,A. Mitchell Jr. McConnell,SELL,15001.0,2025-06-26,
2026-03-24 09:57,congress,congress_sell,CMG,John Hickenlooper,SELL,100001.0,2025-06-12,
2026-03-24 09:57,congress,congress_buy,AVGO,John Boozman,BUY,1001.0,2025-06-11,
2026-03-24 09:57,congress,congress_buy,TBLL,John Boozman,BUY,1001.0,2025-06-11,
2026-03-24 09:57,congress,congress_sell,MU,John Boozman,SELL,1001.0,2025-06-11,
2026-03-24 09:57,congress,congress_sell,UNH,John Boozman,SELL,1001.0,2025-06-11,
2026-03-24 09:57,congress,congress_buy,XONE,Lindsey Graham,BUY,15001.0,2025-06-30,
2026-03-24 09:57,congress,congress_buy,BSCV,Lindsey Graham,BUY,15001.0,2025-06-30,
2026-03-24 09:57,congress,congress_buy,AXP,Shelley Moore Capito,BUY,15001.0,2025-07-01,
2026-03-24 09:57,congress,congress_sell,CB,Shelley Moore Capito,SELL,1001.0,2025-07-17,
2026-03-24 09:57,congress,congress_sell,AAPL,Shelley Moore Capito,SELL,1001.0,2025-07-18,
2026-03-24 09:57,congress,congress_sell,AFL,Shelley Moore Capito,SELL,1001.0,2025-07-18,
2026-03-24 09:57,congress,congress_sell,AVGO,Shelley Moore Capito,SELL,1001.0,2025-07-18,
2026-03-24 09:57,congress,congress_sell,JPM,Shelley Moore Capito,SELL,1001.0,2025-07-18,
2026-03-24 09:57,congress,congress_sell,MSFT,Shelley Moore Capito,SELL,1001.0,2025-07-18,
2026-03-24 09:57,congress,congress_buy,META,Shelley Moore Capito,BUY,1001.0,2025-07-29,
2026-03-24 09:57,congress,congress_buy,GOOGL,Shelley Moore Capito,BUY,1001.0,2025-07-29,
2026-03-24 09:57,congress,congress_sell,PPG,Shelley Moore Capito,SELL,1001.0,2025-07-30,
2026-03-24 09:57,congress,congress_sell,CL,Shelley Moore Capito,SELL,1001.0,2025-07-31,
2026-03-24 09:57,congress,congress_sell,PPG,Shelley Moore Capito,SELL,1001.0,2025-07-31,
2026-03-24 09:57,congress,congress_sell,GD,Shelley Moore Capito,SELL,1001.0,2025-07-31,
2026-03-24 09:57,congress,congress_sell,ADI,Sheldon Whitehouse,SELL,15001.0,2025-07-03,
2026-03-24 09:57,congress,congress_sell,NVDA,Sheldon Whitehouse,SELL,15001.0,2025-07-07,
2026-03-24 09:57,congress,congress_buy,GIGB,John Boozman,BUY,1001.0,2025-07-08,
2026-03-24 09:57,congress,congress_buy,WMT,John Boozman,BUY,1001.0,2025-07-31,
2026-03-24 09:57,congress,congress_buy,GE,John Boozman,BUY,1001.0,2025-07-31,
2026-03-24 09:57,congress,congress_sell,MU,John Boozman,SELL,1001.0,2025-07-01,
2026-03-24 09:57,congress,congress_sell,HYG,John Boozman,SELL,1001.0,2025-07-08,
2026-03-24 09:57,congress,congress_sell,JPM,John Boozman,SELL,1001.0,2025-07-24,
2026-03-24 09:57,congress,congress_sell,GD,John Boozman,SELL,1001.0,2025-07-31,
2026-03-24 09:57,congress,congress_sell,MDLZ,John Boozman,SELL,1001.0,2025-07-31,
2026-03-24 09:57,congress,congress_sell,UNH,Angus King,SELL,1001.0,2025-07-15,
2026-03-24 09:57,congress,congress_buy,ADSK,Angus King,BUY,1001.0,2025-07-21,
2026-03-24 09:57,congress,congress_buy,META,Angus King,BUY,1001.0,2025-07-21,
2026-03-24 09:57,congress,congress_buy,VRT,Angus King,BUY,1001.0,2025-07-21,
2026-03-24 09:57,congress,congress_buy,KEX,Angus King,BUY,1001.0,2025-07-21,
2026-03-24 09:57,congress,congress_buy,BX,Angus King,BUY,1001.0,2025-07-21,
2026-03-24 09:57,congress,congress_buy,AMAT,Angus King,BUY,1001.0,2025-07-21,
2026-03-24 09:57,congress,congress_buy,NVDA,Angus King,BUY,1001.0,2025-07-21,
2026-03-24 09:57,congress,congress_buy,ONON,Angus King,BUY,1001.0,2025-07-21,
2026-03-24 09:57,congress,congress_buy,PWR,Angus King,BUY,1001.0,2025-07-21,
2026-03-24 09:57,congress,congress_sell,TMO,Angus King,SELL,1001.0,2025-07-21,
2026-03-24 09:57,congress,congress_buy,ANET,Angus King,BUY,1001.0,2025-07-21,
2026-03-24 09:57,congress,congress_buy,LOW,Angus King,BUY,1001.0,2025-07-21,
2026-03-24 09:57,congress,congress_buy,MSFT,Angus King,BUY,1001.0,2025-07-21,
2026-03-24 09:57,congress,congress_buy,JPM,Angus King,BUY,1001.0,2025-07-21,
2026-03-24 09:57,congress,congress_buy,NFLX,Angus King,BUY,1001.0,2025-07-21,
2026-03-24 09:57,congress,congress_buy,PYPL,Angus King,BUY,1001.0,2025-07-21,
2026-03-24 09:57,congress,congress_buy,GOOGL,Angus King,BUY,1001.0,2025-07-21,
2026-03-24 09:57,congress,congress_buy,AMD,Angus King,BUY,1001.0,2025-07-21,
2026-03-24 09:57,congress,congress_buy,UBER,Angus King,BUY,1001.0,2025-07-21,
2026-03-24 09:57,congress,congress_buy,XOM,Angus King,BUY,1001.0,2025-07-21,
2026-03-24 09:57,congress,congress_buy,MRVL,Angus King,BUY,1001.0,2025-07-21,
2026-03-24 09:57,congress,congress_buy,BAC,Angus King,BUY,1001.0,2025-07-21,
2026-03-24 09:57,congress,congress_sell,UNH,Markwayne Mullin,SELL,15001.0,2025-08-01,
2026-03-24 09:57,congress,congress_buy,SHW,Shelley Moore Capito,BUY,1001.0,2025-08-01,
2026-03-24 09:57,congress,congress_buy,PLD,Shelley Moore Capito,BUY,1001.0,2025-08-01,
2026-03-24 09:57,congress,congress_sell,BLK,Shelley Moore Capito,SELL,1001.0,2025-08-04,
2026-03-24 09:57,congress,congress_sell,DHR,Sheldon Whitehouse,SELL,1001.0,2025-08-28,
2026-03-24 09:57,congress,congress_sell,LRCX,Sheldon Whitehouse,SELL,15001.0,2025-08-28,
2026-03-24 09:57,congress,congress_sell,KVUE,Sheldon Whitehouse,SELL,1001.0,2025-08-28,
2026-03-24 09:57,congress,congress_sell,UNH,Sheldon Whitehouse,SELL,15001.0,2025-08-28,
2026-03-24 09:57,congress,congress_buy,WFC,A. Mitchell Jr. McConnell,BUY,1001.0,2025-09-01,
2026-03-24 09:57,congress,congress_buy,TLH,John Boozman,BUY,1001.0,2025-08-01,
2026-03-24 09:57,congress,congress_buy,SCHP,John Boozman,BUY,1001.0,2025-08-01,
2026-03-24 09:57,congress,congress_buy,RNWGX,John Boozman,BUY,1001.0,2025-08-01,
2026-03-24 09:57,congress,congress_buy,IWM,John Boozman,BUY,1001.0,2025-08-01,
2026-03-24 09:57,congress,congress_buy,AGZ,John Boozman,BUY,1001.0,2025-08-01,
2026-03-24 09:57,congress,congress_buy,MBB,John Boozman,BUY,1001.0,2025-08-01,
2026-03-24 09:57,congress,congress_buy,IEF,John Boozman,BUY,1001.0,2025-08-01,
2026-03-24 09:57,congress,congress_buy,JMBS,John Boozman,BUY,1001.0,2025-08-01,
2026-03-24 09:57,congress,congress_buy,SHY,John Boozman,BUY,1001.0,2025-08-01,
2026-03-24 09:57,congress,congress_buy,VNQI,John Boozman,BUY,1001.0,2025-08-01,
2026-03-24 09:57,congress,congress_buy,IEI,John Boozman,BUY,1001.0,2025-08-01,
2026-03-24 09:57,congress,congress_buy,TLT,John Boozman,BUY,1001.0,2025-08-01,
2026-03-24 09:57,congress,congress_buy,CMBS,John Boozman,BUY,1001.0,2025-08-01,
2026-03-24 09:57,congress,congress_buy,WWSYX,John Boozman,BUY,1001.0,2025-08-01,
2026-03-24 09:57,congress,congress_buy,RNWGX,John Boozman,BUY,15001.0,2025-08-07,
2026-03-24 09:57,congress,congress_buy,AMD,John Boozman,BUY,1001.0,2025-08-07,
2026-03-24 09:57,congress,congress_buy,LLY,John Boozman,BUY,1001.0,2025-08-11,
2026-03-24 09:57,congress,congress_buy,RNWGX,John Boozman,BUY,15001.0,2025-08-14,
2026-03-24 09:57,congress,congress_buy,NVDA,John Boozman,BUY,1001.0,2025-08-22,
2026-03-24 09:57,congress,congress_buy,LLY,John Boozman,BUY,1001.0,2025-08-22,
2026-03-24 09:57,congress,congress_sell,IVV,John Boozman,SELL,1001.0,2025-08-01,
2026-03-24 09:57,congress,congress_sell,TBLL,John Boozman,SELL,15001.0,2025-08-01,
2026-03-24 09:57,congress,congress_sell,URNM,John Boozman,SELL,1001.0,2025-08-01,
2026-03-24 09:57,congress,congress_sell,GIGB,John Boozman,SELL,1001.0,2025-08-01,
2026-03-24 09:57,congress,congress_sell,VEA,John Boozman,SELL,1001.0,2025-08-01,
2026-03-24 09:57,congress,congress_sell,PPLT,John Boozman,SELL,1001.0,2025-08-01,
2026-03-24 09:57,congress,congress_sell,PALL,John Boozman,SELL,1001.0,2025-08-01,
2026-03-24 09:57,congress,congress_sell,SLV,John Boozman,SELL,1001.0,2025-08-01,
2026-03-24 09:57,congress,congress_sell,EMLP,John Boozman,SELL,1001.0,2025-08-01,
2026-03-24 09:57,congress,congress_sell,GEM,John Boozman,SELL,1001.0,2025-08-01,
2026-03-24 09:57,congress,congress_sell,EMRZX,John Boozman,SELL,1001.0,2025-08-01,
2026-03-24 09:57,congress,congress_sell,EFA,John Boozman,SELL,1001.0,2025-08-01,
2026-03-24 09:57,congress,congress_sell,EMRZX,John Boozman,SELL,15001.0,2025-08-07,
2026-03-24 09:57,congress,congress_sell,ABBV,John Boozman,SELL,1001.0,2025-08-11,
2026-03-24 09:57,congress,congress_sell,EMRZX,John Boozman,SELL,15001.0,2025-08-14,
2026-03-24 09:57,congress,congress_sell,MU,John Boozman,SELL,1001.0,2025-08-22,
2026-03-24 09:57,congress,congress_sell,ABBV,John Boozman,SELL,1001.0,2025-08-22,
2026-03-24 09:57,congress,congress_sell,AAPL,Adam B. Schiff,SELL,15001.0,2025-09-22,
2026-03-24 09:57,congress,congress_buy,ISRG,Markwayne Mullin,BUY,50001.0,2025-09-24,
2026-03-24 09:57,congress,congress_sell,ACN,Markwayne Mullin,SELL,15001.0,2025-09-24,
2026-03-24 09:57,congress,congress_sell,IHF,Markwayne Mullin,SELL,15001.0,2025-09-24,
2026-03-24 09:57,congress,congress_buy,NOW,Markwayne Mullin,BUY,1001.0,2025-09-24,
2026-03-24 09:57,congress,congress_sell,ADBE,Markwayne Mullin,SELL,15001.0,2025-09-24,
2026-03-24 09:57,congress,congress_sell,TXN,Markwayne Mullin,SELL,15001.0,2025-09-24,
2026-03-24 09:57,congress,congress_buy,UNH,Markwayne Mullin,BUY,15001.0,2025-09-24,
2026-03-24 09:57,congress,congress_buy,INTU,Markwayne Mullin,BUY,15001.0,2025-09-24,
2026-03-24 09:57,congress,congress_sell,WAB,Markwayne Mullin,SELL,15001.0,2025-09-23,
2026-03-24 09:57,congress,congress_sell,UNH,Sheldon Whitehouse,SELL,15001.0,2025-09-04,
2026-03-24 09:57,congress,congress_sell,HON,Sheldon Whitehouse,SELL,15001.0,2025-09-04,
2026-03-24 09:57,congress,congress_sell,AAPL,Sheldon Whitehouse,SELL,15001.0,2025-09-04,
2026-03-24 09:57,congress,congress_sell,MSFT,Sheldon Whitehouse,SELL,15001.0,2025-09-04,
2026-03-24 09:57,congress,congress_sell,AMGN,Sheldon Whitehouse,SELL,1001.0,2025-09-04,
2026-03-24 09:57,congress,congress_sell,NVDA,Sheldon Whitehouse,SELL,15001.0,2025-09-04,
2026-03-24 09:57,congress,congress_sell,VZ,Sheldon Whitehouse,SELL,1001.0,2025-09-04,
2026-03-24 09:57,congress,congress_sell,MSFT,Shelley Moore Capito,SELL,15001.0,2025-09-18,
2026-03-24 09:57,congress,congress_sell,AAPL,Shelley Moore Capito,SELL,15001.0,2025-09-18,
2026-03-24 09:57,congress,congress_sell,PEP,John Hickenlooper,SELL,100001.0,2025-09-02,
2026-03-24 09:57,congress,congress_buy,INTU,John Hickenlooper,BUY,100001.0,2025-09-02,
2026-03-24 09:57,congress,congress_buy,PANW,John Hickenlooper,BUY,100001.0,2025-09-02,
2026-03-24 09:57,congress,congress_buy,ADBE,John Boozman,BUY,1001.0,2025-09-04,
2026-03-24 09:57,congress,congress_buy,ETN,John Boozman,BUY,1001.0,2025-09-12,
2026-03-24 09:57,congress,congress_buy,SHY,John Boozman,BUY,1001.0,2025-09-16,
2026-03-24 09:57,congress,congress_buy,IEF,John Boozman,BUY,15001.0,2025-09-16,
2026-03-24 09:57,congress,congress_buy,SCHP,John Boozman,BUY,1001.0,2025-09-16,
2026-03-24 09:57,congress,congress_buy,IEI,John Boozman,BUY,15001.0,2025-09-16,
2026-03-24 09:57,congress,congress_buy,GOOGL,John Boozman,BUY,15001.0,2025-09-17,
2026-03-24 09:57,congress,congress_sell,ORCL,John Boozman,SELL,1001.0,2025-09-12,
2026-03-24 09:57,congress,congress_sell,AGZ,John Boozman,SELL,1001.0,2025-09-16,
2026-03-24 09:57,congress,congress_sell,GBIL,John Boozman,SELL,1001.0,2025-09-16,
2026-03-24 09:57,congress,congress_sell,GIGB,John Boozman,SELL,1001.0,2025-09-16,
2026-03-24 09:57,congress,congress_sell,TLT,John Boozman,SELL,15001.0,2025-09-16,
2026-03-24 09:57,congress,congress_sell,CMBS,John Boozman,SELL,1001.0,2025-09-16,
2026-03-24 09:57,congress,congress_sell,MBB,John Boozman,SELL,1001.0,2025-09-16,
2026-03-24 09:57,congress,congress_sell,JMBS,John Boozman,SELL,1001.0,2025-09-16,
2026-03-24 09:57,congress,congress_sell,MU,John Boozman,SELL,1001.0,2025-09-17,
2026-03-24 09:57,congress,congress_sell,PEBO,James Conley Justice II,SELL,250001.0,2025-08-28,
2026-03-24 09:57,congress,congress_sell,GOOG,Jerry Moran,SELL,1001.0,2025-09-23,
2026-03-24 09:57,congress,congress_buy,BRK.B,Jerry Moran,BUY,1001.0,2025-09-23,
2026-03-24 09:57,congress,congress_sell,NVDA,Sheldon Whitehouse,SELL,15001.0,2025-10-20,
2026-03-24 09:57,congress,congress_sell,PGR,Sheldon Whitehouse,SELL,15001.0,2025-10-27,
2026-03-24 09:57,congress,congress_sell,COST,Shelley Moore Capito,SELL,1001.0,2025-10-17,
2026-03-24 09:57,congress,congress_sell,CVX,Shelley Moore Capito,SELL,1001.0,2025-10-17,
2026-03-24 09:57,congress,congress_sell,LOW,Shelley Moore Capito,SELL,1001.0,2025-10-20,
2026-03-24 09:57,congress,congress_sell,PAYX,Shelley Moore Capito,SELL,1001.0,2025-10-21,
2026-03-24 09:57,congress,congress_sell,LOW,Shelley Moore Capito,SELL,1001.0,2025-10-21,
2026-03-24 09:57,congress,congress_sell,MSFT,Shelley Moore Capito,SELL,1001.0,2025-10-22,
2026-03-24 09:57,congress,congress_buy,LLY,Shelley Moore Capito,BUY,1001.0,2025-10-24,
2026-03-24 09:57,congress,congress_sell,MSFT,Shelley Moore Capito,SELL,15001.0,2025-10-29,
2026-03-24 09:57,congress,congress_sell,IBM,Shelley Moore Capito,SELL,15001.0,2025-10-29,
2026-03-24 09:57,congress,congress_sell,GS,Ted Cruz,SELL,100001.0,2025-11-11,
2026-03-24 09:57,congress,congress_buy,FTGC,John Boozman,BUY,1001.0,2025-10-03,
2026-03-24 09:57,congress,congress_buy,EIPI,John Boozman,BUY,15001.0,2025-10-03,
2026-03-24 09:57,congress,congress_buy,COST,John Boozman,BUY,1001.0,2025-10-09,
2026-03-24 09:57,congress,congress_buy,META,John Boozman,BUY,1001.0,2025-10-31,
2026-03-24 09:57,congress,congress_sell,IQV,John Boozman,SELL,1001.0,2025-10-02,
2026-03-24 09:57,congress,congress_sell,URNM,John Boozman,SELL,1001.0,2025-10-03,
2026-03-24 09:57,congress,congress_sell,EMLP,John Boozman,SELL,15001.0,2025-10-03,
2026-03-24 09:57,congress,congress_sell,LITP,John Boozman,SELL,1001.0,2025-10-03,
2026-03-24 09:57,congress,congress_sell,SLV,John Boozman,SELL,1001.0,2025-10-03,
2026-03-24 09:57,congress,congress_sell,COLPAL,John Boozman,SELL,1001.0,2025-10-09,
2026-03-24 09:57,congress,congress_sell,OMC,John Boozman,SELL,1001.0,2025-10-31,
2026-03-24 09:57,congress,congress_sell,TPYP,John Boozman,SELL,1001.0,2025-11-03,
2026-03-24 09:57,congress,congress_sell,GOOGL,Tommy Tuberville,SELL,15001.0,2025-10-07,
2026-03-24 09:57,congress,congress_sell,PEP,Tommy Tuberville,SELL,15001.0,2025-10-07,
2026-03-24 09:57,congress,congress_sell,AAPL,Tommy Tuberville,SELL,15001.0,2025-10-07,
2026-03-24 09:57,congress,congress_sell,ORCL,Tommy Tuberville,SELL,15001.0,2025-10-07,
2026-03-24 09:57,congress,congress_sell,OC,Tommy Tuberville,SELL,15001.0,2025-10-07,
2026-03-24 09:57,congress,congress_sell,MSFT,Tommy Tuberville,SELL,15001.0,2025-10-07,
2026-03-24 09:57,congress,congress_sell,TMUS,Markwayne Mullin,SELL,50001.0,2025-11-03,
2026-03-24 09:57,congress,congress_buy,MSFT,Markwayne Mullin,BUY,250001.0,2025-11-03,
2026-03-24 09:57,congress,congress_sell,BRK.B,Markwayne Mullin,SELL,15001.0,2025-11-03,
2026-03-24 09:57,congress,congress_sell,CMG,Markwayne Mullin,SELL,15001.0,2025-11-03,
2026-03-24 09:57,congress,congress_sell,FI,Markwayne Mullin,SELL,15001.0,2025-11-03,
2026-03-24 09:57,congress,congress_sell,OGN,Gary Peters,SELL,1001.0,2025-07-10,
2026-03-24 09:57,congress,congress_sell,HBAN,Tina Smith,SELL,100001.0,2025-11-21,
2026-03-24 09:57,congress,congress_buy,BITB,David H. McCormick,BUY,50001.0,2025-11-24,
2026-03-24 09:57,congress,congress_buy,BITB,David H. McCormick,BUY,15001.0,2025-11-25,
2026-03-24 09:57,congress,congress_sell,VWUSX,Lindsey Graham,SELL,100001.0,2025-11-06,
2026-03-24 09:57,congress,congress_buy,VWUAX,Lindsey Graham,BUY,100001.0,2025-11-06,
2026-03-24 09:57,congress,congress_buy,HSY,Sheldon Whitehouse,BUY,1001.0,2025-11-21,
2026-03-24 09:57,congress,congress_buy,KO,Sheldon Whitehouse,BUY,1001.0,2025-11-21,
2026-03-24 09:57,congress,congress_buy,GH,Sheldon Whitehouse,BUY,1001.0,2025-11-21,
2026-03-24 09:57,congress,congress_buy,META,Shelley Moore Capito,BUY,1001.0,2025-11-13,
2026-03-24 09:57,congress,congress_sell,LOW,Shelley Moore Capito,SELL,1001.0,2025-11-13,
2026-03-24 09:57,congress,congress_sell,PAYX,Shelley Moore Capito,SELL,1001.0,2025-11-13,
2026-03-24 09:57,congress,congress_buy,CAG,Gary Peters,BUY,1001.0,2025-11-14,
2026-03-24 09:57,congress,congress_sell,CSX,Markwayne Mullin,SELL,15001.0,2025-11-10,
2026-03-24 09:57,congress,congress_buy,PNR,Markwayne Mullin,BUY,15001.0,2025-11-10,
2026-03-24 09:57,congress,congress_sell,ZTS,Markwayne Mullin,SELL,15001.0,2025-11-10,
2026-03-24 09:57,congress,congress_buy,COF,Markwayne Mullin,BUY,50001.0,2025-11-10,
2026-03-24 09:57,congress,congress_buy,VWO,John Boozman,BUY,1001.0,2025-11-06,
2026-03-24 09:57,congress,congress_buy,VEA,John Boozman,BUY,1001.0,2025-11-06,
2026-03-24 09:57,congress,congress_buy,ANET,John Boozman,BUY,1001.0,2025-11-13,
2026-03-24 09:57,congress,congress_buy,AMZN,John Boozman,BUY,1001.0,2025-11-13,
2026-03-24 09:57,congress,congress_buy,WWSYX,John Boozman,BUY,1001.0,2025-11-20,
2026-03-24 09:57,congress,congress_buy,PYPL,John Boozman,BUY,1001.0,2025-11-21,
2026-03-24 09:57,congress,congress_buy,MBB,John Boozman,BUY,1001.0,2025-11-21,
2026-03-24 09:57,congress,congress_buy,JMBS,John Boozman,BUY,1001.0,2025-11-21,
2026-03-24 09:57,congress,congress_buy,GIGB,John Boozman,BUY,1001.0,2025-11-21,
2026-03-24 09:57,congress,congress_buy,MDY,John Boozman,BUY,1001.0,2025-11-21,
2026-03-24 09:57,congress,congress_buy,CMBS,John Boozman,BUY,1001.0,2025-11-21,
2026-03-24 09:57,congress,congress_sell,AAXJ,John Boozman,SELL,1001.0,2025-11-06,
2026-03-24 09:57,congress,congress_sell,CRM,John Boozman,SELL,1001.0,2025-11-13,
2026-03-24 09:57,congress,congress_sell,EFA,John Boozman,SELL,1001.0,2025-11-20,
2026-03-24 09:57,congress,congress_sell,RNWAX,John Boozman,SELL,1001.0,2025-11-20,
2026-03-24 09:57,congress,congress_sell,GEM,John Boozman,SELL,1001.0,2025-11-20,
2026-03-24 09:57,congress,congress_sell,FTGC,John Boozman,SELL,1001.0,2025-11-21,
2026-03-24 09:57,congress,congress_sell,LLY,John Boozman,SELL,1001.0,2025-11-21,
2026-03-24 09:57,congress,congress_sell,IWM,John Boozman,SELL,1001.0,2025-11-21,
2026-03-24 09:57,congress,congress_sell,FISV,John Boozman,SELL,1001.0,2025-11-21,
2026-03-24 09:57,congress,congress_sell,EIPI,John Boozman,SELL,1001.0,2025-11-21,
2026-03-24 09:57,congress,congress_sell,VEA,John Boozman,SELL,1001.0,2025-11-21,
2026-03-24 09:57,congress,congress_sell,IVV,John Boozman,SELL,1001.0,2025-11-21,
2026-03-24 09:57,congress,congress_sell,TPYP,John Boozman,SELL,1001.0,2025-11-21,
2026-03-24 09:57,congress,congress_sell,VNQI,John Boozman,SELL,1001.0,2025-11-21,
2026-03-24 09:57,congress,congress_buy,WFC,A. Mitchell Jr. McConnell,BUY,1001.0,2025-12-01,
2026-03-24 09:57,congress,congress_buy,BITB,David H. McCormick,BUY,50001.0,2025-11-26,
2026-03-24 09:57,congress,congress_buy,BITB,David H. McCormick,BUY,50001.0,2025-11-28,
2026-03-24 09:57,congress,congress_sell,BSCP,Lindsey Graham,SELL,15001.0,2025-12-17,
2026-03-24 09:57,congress,congress_sell,IBDQ,Lindsey Graham,SELL,15001.0,2025-12-18,
2026-03-24 09:57,congress,congress_buy,BSCQ,Lindsey Graham,BUY,15001.0,2025-12-31,
2026-03-24 09:57,congress,congress_sell,K,Shelley Moore Capito,SELL,1001.0,2025-12-11,
2026-03-24 09:57,congress,congress_sell,AAPL,Shelley Moore Capito,SELL,1001.0,2025-12-16,
2026-03-24 09:57,congress,congress_sell,GOOGL,Shelley Moore Capito,SELL,1001.0,2025-12-16,
2026-03-24 09:57,congress,congress_sell,MSFT,Shelley Moore Capito,SELL,1001.0,2025-12-16,
2026-03-24 09:57,congress,congress_sell,FWONK,John Hickenlooper,SELL,15001.0,2025-12-10,
2026-03-24 09:57,congress,congress_buy,VZ,Gary Peters,BUY,1001.0,2025-12-12,
2026-03-24 09:57,congress,congress_sell,INTC,Gary Peters,SELL,15001.0,2025-12-12,
2026-03-24 09:57,congress,congress_buy,SMCI,John Boozman,BUY,1001.0,2025-12-11,
2026-03-24 09:57,congress,congress_buy,ANET,John Boozman,BUY,1001.0,2025-12-11,
2026-03-24 09:57,congress,congress_buy,WFC,John Boozman,BUY,1001.0,2025-12-17,
2026-03-24 09:57,congress,congress_buy,AAPL,John Boozman,BUY,1001.0,2025-12-17,
2026-03-24 09:57,congress,congress_buy,MSFT,John Boozman,BUY,1001.0,2025-12-17,
2026-03-24 09:57,congress,congress_buy,SPYM,John Boozman,BUY,15001.0,2025-12-24,
2026-03-24 09:57,congress,congress_buy,IJR,John Boozman,BUY,1001.0,2025-12-26,
2026-03-24 09:57,congress,congress_buy,IVW,John Boozman,BUY,1001.0,2025-12-31,
2026-03-24 09:57,congress,congress_sell,TBLL,John Boozman,SELL,1001.0,2025-12-11,
2026-03-24 09:57,congress,congress_sell,MSI,John Boozman,SELL,1001.0,2025-12-17,
2026-03-24 09:57,congress,congress_sell,BSX,John Boozman,SELL,1001.0,2025-12-17,
2026-03-24 09:57,congress,congress_sell,SLV,John Boozman,SELL,1001.0,2025-12-24,
2026-03-24 09:57,congress,congress_sell,PALL,John Boozman,SELL,1001.0,2025-12-24,
2026-03-24 09:57,congress,congress_sell,PPLT,John Boozman,SELL,1001.0,2025-12-24,
2026-03-24 09:57,congress,congress_sell,KRE,John Boozman,SELL,1001.0,2025-12-26,
2026-03-24 09:57,congress,congress_sell,SMCI,John Boozman,SELL,1001.0,2025-12-31,
2026-03-24 09:57,congress,congress_sell,LAZR,A. Mitchell Jr. McConnell,SELL,1001.0,2025-12-24,
2026-03-24 09:57,congress,congress_sell,PRMB,Markwayne Mullin,SELL,1001.0,2025-12-17,
2026-03-24 09:57,congress,congress_sell,PRMB,Markwayne Mullin,SELL,1001.0,2025-12-18,
2026-03-24 09:57,congress,congress_sell,MTZ,Markwayne Mullin,SELL,15001.0,2025-12-18,
2026-03-24 09:57,congress,congress_sell,IRM,Markwayne Mullin,SELL,15001.0,2025-12-18,
2026-03-24 09:57,congress,congress_sell,COHR,Markwayne Mullin,SELL,15001.0,2025-12-18,
2026-03-24 09:57,congress,congress_sell,CRDO,Markwayne Mullin,SELL,15001.0,2025-12-18,
2026-03-24 09:57,congress,congress_sell,AIT,Markwayne Mullin,SELL,15001.0,2025-12-18,
2026-03-24 09:57,congress,congress_sell,DELL,Markwayne Mullin,SELL,15001.0,2025-12-18,
2026-03-24 09:57,congress,congress_sell,GS,Markwayne Mullin,SELL,15001.0,2025-12-18,
2026-03-24 09:57,congress,congress_sell,LRN,Markwayne Mullin,SELL,1001.0,2025-12-18,
2026-03-24 09:57,congress,congress_buy,XLU,Tommy Tuberville,BUY,15001.0,2025-12-17,
2026-03-24 09:57,congress,congress_buy,XLV,Tommy Tuberville,BUY,15001.0,2025-12-17,
2026-03-24 09:57,congress,congress_buy,XLP,Tommy Tuberville,BUY,15001.0,2025-12-17,
2026-03-24 09:57,congress,congress_sell,GOOGL,Tommy Tuberville,SELL,1001.0,2025-12-17,
2026-03-24 09:57,congress,congress_sell,AAPL,Tommy Tuberville,SELL,50001.0,2025-12-17,
2026-03-24 09:57,congress,congress_buy,LLY,Markwayne Mullin,BUY,15001.0,2025-12-29,
2026-03-24 09:57,congress,congress_buy,IQV,Markwayne Mullin,BUY,15001.0,2025-12-29,
2026-03-24 09:57,congress,congress_buy,BSX,Markwayne Mullin,BUY,15001.0,2025-12-29,
2026-03-24 09:57,congress,congress_buy,NVDA,Markwayne Mullin,BUY,100001.0,2025-12-29,
2026-03-24 09:57,congress,congress_buy,AMAT,Markwayne Mullin,BUY,15001.0,2025-12-29,
2026-03-24 09:57,congress,congress_buy,AMZN,Markwayne Mullin,BUY,100001.0,2025-12-29,
2026-03-24 09:57,congress,congress_buy,MA,Markwayne Mullin,BUY,50001.0,2025-12-29,
2026-03-24 09:57,congress,congress_buy,AXP,Markwayne Mullin,BUY,1001.0,2025-12-29,
2026-03-24 09:57,congress,congress_buy,AAPL,Markwayne Mullin,BUY,100001.0,2025-12-29,
2026-03-24 09:57,congress,congress_buy,DE,Markwayne Mullin,BUY,15001.0,2025-12-29,
2026-03-24 09:57,congress,congress_buy,JPM,Markwayne Mullin,BUY,50001.0,2025-12-29,
2026-03-24 09:57,congress,congress_buy,MSFT,Markwayne Mullin,BUY,100001.0,2025-12-29,
2026-03-24 09:57,congress,congress_buy,META,Markwayne Mullin,BUY,50001.0,2025-12-29,
2026-03-24 09:57,congress,congress_buy,GOOGL,Markwayne Mullin,BUY,100001.0,2025-12-29,
2026-03-24 09:57,congress,congress_buy,HD,Markwayne Mullin,BUY,15001.0,2025-12-29,
2026-03-24 09:57,congress,congress_buy,COP,Markwayne Mullin,BUY,15001.0,2025-12-29,
2026-03-24 09:57,congress,congress_buy,LRCX,Markwayne Mullin,BUY,50001.0,2025-12-29,
2026-03-24 09:57,congress,congress_buy,NOW,Markwayne Mullin,BUY,15001.0,2025-12-29,
2026-03-24 09:57,congress,congress_buy,INTU,Markwayne Mullin,BUY,15001.0,2025-12-29,
2026-03-24 09:57,congress,congress_buy,KO,Markwayne Mullin,BUY,15001.0,2025-12-29,
2026-03-24 09:57,congress,congress_buy,ISRG,Markwayne Mullin,BUY,15001.0,2025-12-29,
2026-03-24 09:57,congress,congress_buy,CAT,Markwayne Mullin,BUY,15001.0,2025-12-29,
2026-03-24 09:57,congress,congress_buy,GS,Markwayne Mullin,BUY,15001.0,2025-12-29,
2026-03-24 09:57,congress,congress_buy,CVX,Markwayne Mullin,BUY,15001.0,2025-12-29,
2026-03-24 09:57,congress,congress_buy,HLT,Markwayne Mullin,BUY,15001.0,2025-12-29,
2026-03-24 09:57,congress,congress_buy,COF,Markwayne Mullin,BUY,50001.0,2025-12-29,
2026-03-24 09:57,congress,congress_buy,CRM,Markwayne Mullin,BUY,15001.0,2025-12-29,
2026-03-24 09:57,congress,congress_buy,ICE,Markwayne Mullin,BUY,15001.0,2025-12-29,
2026-03-24 09:57,congress,congress_buy,ELV,Markwayne Mullin,BUY,15001.0,2025-12-29,
2026-03-24 09:57,congress,congress_buy,RTX,Markwayne Mullin,BUY,15001.0,2025-12-29,
2026-03-24 09:57,congress,congress_buy,COST,Markwayne Mullin,BUY,15001.0,2025-12-29,
2026-03-24 09:57,congress,congress_buy,WPC,Gary Peters,BUY,15001.0,2026-01-12,
2026-03-24 09:57,congress,congress_buy,SWK,Gary Peters,BUY,15001.0,2026-01-12,
2026-03-24 09:57,congress,congress_buy,PG,David J. Taylor,BUY,1001.0,2026-01-09,
2026-03-24 09:57,congress,congress_buy,TEM,Nancy Pelosi,BUY,50001.0,2026-01-16,
2026-03-24 09:57,congress,congress_buy,NVDA,Nancy Pelosi,BUY,250001.0,2026-01-16,
2026-03-24 09:57,congress,congress_buy,GOOGL,Nancy Pelosi,BUY,500001.0,2026-01-16,
2026-03-24 09:57,congress,congress_buy,VST,Nancy Pelosi,BUY,100001.0,2026-01-16,
2026-03-24 09:57,congress,congress_buy,AMZN,Nancy Pelosi,BUY,500001.0,2026-01-16,
2026-03-24 09:57,congress,congress_buy,FMAO,Robert E. Latta,BUY,1001.0,2026-01-20,
2026-03-24 09:57,congress,congress_buy,T,Tim Moore,BUY,15001.0,2026-01-09,
2026-03-24 09:57,congress,congress_sell,CMCSA,Angus King,SELL,1001.0,2025-12-29,
2026-03-24 09:57,congress,congress_buy,LLY,Angus King,BUY,1001.0,2025-12-29,
2026-03-24 09:57,congress,congress_buy,HON,Angus King,BUY,1001.0,2025-12-29,
2026-03-24 09:57,congress,congress_buy,AMZN,Katie Britt,BUY,1001.0,2025-04-30,
2026-03-24 09:57,congress,congress_buy,NVDA,Katie Britt,BUY,1001.0,2025-04-30,
2026-03-24 09:57,congress,congress_buy,AAPL,Katie Britt,BUY,1001.0,2025-04-30,
2026-03-24 09:57,congress,congress_sell,XOM,Katie Britt,SELL,1001.0,2025-04-30,
2026-03-24 09:57,congress,congress_sell,UNH,Katie Britt,SELL,1001.0,2025-04-30,
2026-03-24 09:57,congress,congress_sell,GOOG,Katie Britt,SELL,1001.0,2025-11-07,
2026-03-24 09:57,congress,congress_sell,NVDA,Katie Britt,SELL,1001.0,2025-11-07,
2026-03-24 09:57,congress,congress_sell,AAPL,Katie Britt,SELL,1001.0,2025-11-07,
2026-03-24 09:57,congress,congress_sell,AMZN,Katie Britt,SELL,1001.0,2025-11-07,
2026-03-24 09:57,congress,congress_buy,UPS,Katie Britt,BUY,1001.0,2025-11-07,
2026-03-24 09:57,congress,congress_buy,V,Katie Britt,BUY,1001.0,2025-11-07,
2026-03-24 09:57,congress,congress_buy,IREN,Dale Whitney Strong,BUY,1001.0,2026-01-28,
2026-03-24 09:57,congress,congress_sell,JPM,Katie Britt,SELL,1001.0,2026-01-28,
2026-03-24 09:57,congress,congress_sell,BRK.B,Tina Smith,SELL,100001.0,2026-01-27,
2026-03-24 09:57,congress,congress_sell,SGI,April Mcclain Delaney,SELL,1001.0,2026-01-12,
2026-03-24 09:57,congress,congress_sell,VIK,April Mcclain Delaney,SELL,1001.0,2026-01-13,
2026-03-24 09:57,congress,congress_sell,IDXX,April Mcclain Delaney,SELL,1001.0,2026-01-13,
2026-03-24 09:57,congress,congress_sell,WAB,April Mcclain Delaney,SELL,1001.0,2026-01-14,
2026-03-24 09:57,congress,congress_sell,MORN,April Mcclain Delaney,SELL,1001.0,2026-01-15,
2026-03-24 09:57,congress,congress_buy,MSFT,David J. Taylor,BUY,1001.0,2026-01-16,
2026-03-24 09:57,congress,congress_sell,HD,David J. Taylor,SELL,1001.0,2026-01-16,
2026-03-24 09:57,congress,congress_buy,PGR,David J. Taylor,BUY,1001.0,2026-01-16,
2026-03-24 09:57,congress,congress_sell,GOOGL,David J. Taylor,SELL,1001.0,2026-01-16,
2026-03-24 09:57,congress,congress_sell,PH,David J. Taylor,SELL,1001.0,2026-01-16,
2026-03-24 09:57,congress,congress_buy,AMGN,David J. Taylor,BUY,1001.0,2026-01-16,
2026-03-24 09:57,congress,congress_buy,RPM,David J. Taylor,BUY,1001.0,2026-01-16,
2026-03-24 09:57,congress,congress_sell,LLY,David J. Taylor,SELL,1001.0,2026-01-16,
2026-03-24 09:57,congress,congress_buy,AEP,David J. Taylor,BUY,1001.0,2026-01-16,
2026-03-24 09:57,congress,congress_sell,IBP,David J. Taylor,SELL,1001.0,2026-01-16,
2026-03-24 09:57,congress,congress_buy,KR,David J. Taylor,BUY,1001.0,2026-01-16,
2026-03-24 09:57,congress,congress_buy,AAPL,David J. Taylor,BUY,1001.0,2026-01-16,
2026-03-24 09:57,congress,congress_sell,MEDP,David J. Taylor,SELL,1001.0,2026-01-16,
2026-03-24 09:57,congress,congress_sell,AVGO,David J. Taylor,SELL,1001.0,2026-01-16,
2026-03-24 09:57,congress,congress_sell,PLD,David J. Taylor,SELL,1001.0,2026-01-16,
2026-03-24 09:57,congress,congress_buy,ETN,David J. Taylor,BUY,1001.0,2026-01-16,
2026-03-24 09:57,congress,congress_buy,V,David J. Taylor,BUY,1001.0,2026-01-16,
2026-03-24 09:57,congress,congress_sell,LRCX,David J. Taylor,SELL,1001.0,2026-01-16,
2026-03-24 09:57,congress,congress_sell,SGI,April Mcclain Delaney,SELL,1001.0,2026-01-22,
2026-03-24 09:57,congress,congress_sell,WAB,April Mcclain Delaney,SELL,1001.0,2026-01-22,
2026-03-24 09:57,congress,congress_sell,PTC,April Mcclain Delaney,SELL,1001.0,2026-01-23,
2026-03-24 09:57,congress,congress_sell,TECH,April Mcclain Delaney,SELL,1001.0,2026-01-28,
2026-03-24 09:57,congress,congress_sell,BJ,April Mcclain Delaney,SELL,1001.0,2026-01-28,
2026-03-24 09:57,congress,congress_sell,TRMB,April Mcclain Delaney,SELL,1001.0,2026-01-28,
2026-03-24 09:57,congress,congress_buy,LH,April Mcclain Delaney,BUY,1001.0,2026-01-28,
2026-03-24 09:57,congress,congress_buy,AVGO,David J. Taylor,BUY,1001.0,2026-01-29,
2026-03-24 09:57,congress,congress_buy,MSFT,David J. Taylor,BUY,1001.0,2026-01-29,
2026-03-24 09:57,congress,congress_buy,MEDP,David J. Taylor,BUY,1001.0,2026-01-29,
2026-03-24 09:57,congress,congress_sell,TRMB,April Mcclain Delaney,SELL,1001.0,2026-01-29,
2026-03-24 09:57,congress,congress_buy,CRM,David J. Taylor,BUY,1001.0,2026-01-29,
2026-03-24 09:57,congress,congress_sell,PG,David J. Taylor,SELL,1001.0,2026-01-29,
2026-03-24 09:57,congress,congress_sell,VRTX,David J. Taylor,SELL,1001.0,2026-01-29,
2026-03-24 09:57,congress,congress_sell,AMGN,David J. Taylor,SELL,1001.0,2026-01-29,
2026-03-24 09:57,congress,congress_buy,AMZN,David J. Taylor,BUY,1001.0,2026-01-29,
2026-03-24 09:57,congress,congress_buy,RPM,David J. Taylor,BUY,1001.0,2026-01-29,
2026-03-24 09:57,congress,congress_buy,JPM,David J. Taylor,BUY,1001.0,2026-01-29,
2026-03-24 09:57,congress,congress_buy,IBP,David J. Taylor,BUY,1001.0,2026-01-29,
2026-03-24 09:57,congress,congress_buy,T,David J. Taylor,BUY,1001.0,2026-01-29,
2026-03-24 09:57,congress,congress_buy,PLD,David J. Taylor,BUY,1001.0,2026-01-29,
2026-03-24 09:57,congress,congress_sell,PTC,April Mcclain Delaney,SELL,1001.0,2026-01-30,
2026-03-24 09:57,congress,congress_sell,WAB,April Mcclain Delaney,SELL,1001.0,2026-01-30,
2026-03-24 09:57,congress,congress_buy,GOOG,Cleo Fields,BUY,1001.0,2026-01-12,
2026-03-24 09:57,congress,congress_buy,META,Cleo Fields,BUY,50001.0,2026-01-20,
2026-03-24 09:57,congress,congress_buy,GOOG,Cleo Fields,BUY,100001.0,2026-01-20,
2026-03-24 09:57,congress,congress_buy,NFLX,Cleo Fields,BUY,50001.0,2026-01-20,
2026-03-24 09:57,congress,congress_buy,IREN,Cleo Fields,BUY,50001.0,2026-01-20,
2026-03-24 09:57,congress,congress_sell,MCD,Sheldon Whitehouse,SELL,15001.0,2026-01-09,
2026-03-24 09:57,congress,congress_sell,SBUX,Sheldon Whitehouse,SELL,1001.0,2026-01-09,
2026-03-24 09:57,congress,congress_sell,HD,Sheldon Whitehouse,SELL,1001.0,2026-01-09,
2026-03-24 09:57,congress,congress_sell,NVDA,Sheldon Whitehouse,SELL,1001.0,2026-01-09,
2026-03-24 09:57,congress,congress_buy,C,Markwayne Mullin,BUY,15001.0,2026-01-05,
2026-03-24 09:57,congress,congress_buy,ADBE,Markwayne Mullin,BUY,15001.0,2026-01-05,
2026-03-24 09:57,congress,congress_buy,CRS,Markwayne Mullin,BUY,15001.0,2026-01-05,
2026-03-24 09:57,congress,congress_buy,VSEC,Markwayne Mullin,BUY,15001.0,2026-01-05,
2026-03-24 09:57,congress,congress_buy,MCK,Markwayne Mullin,BUY,15001.0,2026-01-05,
2026-03-24 09:57,congress,congress_buy,AMKR,Markwayne Mullin,BUY,15001.0,2026-01-05,
2026-03-24 09:57,congress,congress_buy,FCFS,Markwayne Mullin,BUY,15001.0,2026-01-05,
2026-03-24 09:57,congress,congress_buy,APG,Markwayne Mullin,BUY,15001.0,2026-01-05,
2026-03-24 09:57,congress,congress_buy,MPWR,Markwayne Mullin,BUY,15001.0,2026-01-05,
2026-03-24 09:57,congress,congress_buy,LRN,Markwayne Mullin,BUY,15001.0,2026-01-05,
2026-03-24 09:57,congress,congress_sell,SBUX,Shelley Moore Capito,SELL,1001.0,2026-01-28,
2026-03-24 09:57,congress,congress_sell,PSA,Virginia Foxx,SELL,1001.0,2026-01-12,
2026-03-24 09:57,congress,congress_sell,HTGC,Virginia Foxx,SELL,50001.0,2026-01-12,
2026-03-24 09:57,congress,congress_sell,TJX,John Hickenlooper,SELL,50001.0,2026-01-14,
2026-03-24 09:57,congress,congress_buy,ETN,John Hickenlooper,BUY,50001.0,2026-01-14,
2026-03-24 09:57,congress,congress_buy,UBER,John Hickenlooper,BUY,100001.0,2026-01-14,
2026-03-24 09:57,congress,congress_sell,LOW,John Hickenlooper,SELL,50001.0,2026-01-14,
2026-03-24 09:57,congress,congress_sell,WMT,John Mcguire,SELL,1001.0,2026-01-20,
2026-03-24 09:57,congress,congress_buy,MSFT,John Mcguire,BUY,1001.0,2026-01-21,
2026-03-24 09:57,congress,congress_buy,NVDA,John Mcguire,BUY,1001.0,2026-01-30,
2026-03-24 09:57,congress,congress_sell,MSFT,John Mcguire,SELL,1001.0,2026-01-30,
2026-03-24 09:57,congress,congress_sell,FNF,August Lee Pfluger Ii,SELL,1001.0,2026-01-12,
2026-03-24 09:57,congress,congress_sell,SIRI,August Lee Pfluger Ii,SELL,1001.0,2026-01-13,
2026-03-24 09:57,congress,congress_buy,REG,Gilbert Cisneros,BUY,1001.0,2026-01-09,
2026-03-24 09:57,congress,congress_buy,HST,Gilbert Cisneros,BUY,1001.0,2026-01-09,
2026-03-24 09:57,congress,congress_buy,PGR,Gilbert Cisneros,BUY,1001.0,2026-01-09,
2026-03-24 09:57,congress,congress_sell,SEI,Gilbert Cisneros,SELL,15001.0,2026-01-09,
2026-03-24 09:57,congress,congress_buy,EG,Gilbert Cisneros,BUY,1001.0,2026-01-09,
2026-03-24 09:57,congress,congress_buy,TSLA,Gilbert Cisneros,BUY,1001.0,2026-01-09,
2026-03-24 09:57,congress,congress_buy,DD,Gilbert Cisneros,BUY,1001.0,2026-01-09,
2026-03-24 09:57,congress,congress_sell,VLO,Gilbert Cisneros,SELL,1001.0,2026-01-09,
2026-03-24 09:57,congress,congress_buy,SNDK,Gilbert Cisneros,BUY,1001.0,2026-01-09,
2026-03-24 09:57,congress,congress_sell,CAG,Gilbert Cisneros,SELL,1001.0,2026-01-09,
2026-03-24 09:57,congress,congress_buy,MOS,Gilbert Cisneros,BUY,1001.0,2026-01-09,
2026-03-24 09:57,congress,congress_sell,OKE,Gilbert Cisneros,SELL,1001.0,2026-01-09,
2026-03-24 09:57,congress,congress_sell,WMB,Gilbert Cisneros,SELL,1001.0,2026-01-09,
2026-03-24 09:57,congress,congress_sell,VTR,Gilbert Cisneros,SELL,1001.0,2026-01-09,
2026-03-24 09:57,congress,congress_buy,LIN,Gilbert Cisneros,BUY,1001.0,2026-01-09,
2026-03-24 09:57,congress,congress_buy,FSLR,Gilbert Cisneros,BUY,1001.0,2026-01-09,
2026-03-24 09:57,congress,congress_buy,IVZ,Gilbert Cisneros,BUY,1001.0,2026-01-09,
2026-03-24 09:57,congress,congress_sell,DHI,Gilbert Cisneros,SELL,1001.0,2026-01-09,
2026-03-24 09:57,congress,congress_sell,CCJ,Gilbert Cisneros,SELL,1001.0,2026-01-09,
2026-03-24 09:57,congress,congress_buy,AME,Gilbert Cisneros,BUY,1001.0,2026-01-09,
2026-03-24 09:57,congress,congress_sell,COP,Gilbert Cisneros,SELL,1001.0,2026-01-09,
2026-03-24 09:57,congress,congress_sell,LEN,Gilbert Cisneros,SELL,1001.0,2026-01-09,
2026-03-24 09:57,congress,congress_sell,CVX,Gilbert Cisneros,SELL,1001.0,2026-01-09,
2026-03-24 09:57,congress,congress_sell,XOM,Gilbert Cisneros,SELL,50001.0,2026-01-09,
2026-03-24 09:57,congress,congress_buy,PLTR,Gilbert Cisneros,BUY,1001.0,2026-01-09,
2026-03-24 09:57,congress,congress_sell,GPOR,Gilbert Cisneros,SELL,1001.0,2026-01-09,
2026-03-24 09:57,congress,congress_sell,HAL,Gilbert Cisneros,SELL,1001.0,2026-01-09,
2026-03-24 09:57,congress,congress_sell,BKR,Gilbert Cisneros,SELL,1001.0,2026-01-09,
2026-03-24 09:57,congress,congress_buy,INTC,Gilbert Cisneros,BUY,1001.0,2026-01-09,
2026-03-24 09:57,congress,congress_buy,UPS,Gilbert Cisneros,BUY,1001.0,2026-01-09,
2026-03-24 09:57,congress,congress_buy,TTD,Gilbert Cisneros,BUY,1001.0,2026-01-09,
2026-03-24 09:57,congress,congress_sell,TRGP,Gilbert Cisneros,SELL,1001.0,2026-01-09,
2026-03-24 09:57,congress,congress_buy,GE,Gilbert Cisneros,BUY,15001.0,2026-01-09,
2026-03-24 09:57,congress,congress_buy,CSCO,Gilbert Cisneros,BUY,1001.0,2026-01-09,
2026-03-24 09:57,congress,congress_sell,KHC,Gilbert Cisneros,SELL,1001.0,2026-01-09,
2026-03-24 09:57,congress,congress_buy,KEY,Gilbert Cisneros,BUY,1001.0,2026-01-09,
2026-03-24 09:57,congress,congress_sell,BRO,Gilbert Cisneros,SELL,1001.0,2026-01-09,
2026-03-24 09:57,congress,congress_sell,EOG,Gilbert Cisneros,SELL,1001.0,2026-01-09,
2026-03-24 09:57,congress,congress_buy,FDX,Gilbert Cisneros,BUY,1001.0,2026-01-09,
2026-03-24 09:57,congress,congress_buy,SCHW,Gilbert Cisneros,BUY,1001.0,2026-01-09,
2026-03-24 09:57,congress,congress_buy,GD,Gilbert Cisneros,BUY,1001.0,2026-01-09,
2026-03-24 09:57,congress,congress_sell,KVUE,Gilbert Cisneros,SELL,1001.0,2026-01-09,
2026-03-24 09:57,congress,congress_sell,CHRD,Gilbert Cisneros,SELL,1001.0,2026-01-09,
2026-03-24 09:57,congress,congress_sell,SBGSF,Gilbert Cisneros,SELL,1001.0,2026-01-12,
2026-03-24 09:57,congress,congress_buy,GBCI,Gilbert Cisneros,BUY,1001.0,2026-01-15,
2026-03-24 09:57,congress,congress_buy,LGN,Gilbert Cisneros,BUY,1001.0,2026-01-15,
2026-03-24 09:57,congress,congress_buy,AZTA,Gilbert Cisneros,BUY,1001.0,2026-01-15,
2026-03-24 09:57,congress,congress_sell,MEDP,Gilbert Cisneros,SELL,15001.0,2026-01-15,
2026-03-24 09:57,congress,congress_sell,SNDR,Gilbert Cisneros,SELL,1001.0,2026-01-15,
2026-03-24 09:57,congress,congress_buy,LGND,Gilbert Cisneros,BUY,1001.0,2026-01-15,
2026-03-24 09:57,congress,congress_buy,IRT,Gilbert Cisneros,BUY,1001.0,2026-01-15,
2026-03-24 09:57,congress,congress_sell,ADC,Gilbert Cisneros,SELL,15001.0,2026-01-15,
2026-03-24 09:57,congress,congress_sell,SLGN,Gilbert Cisneros,SELL,1001.0,2026-01-15,
2026-03-24 09:57,congress,congress_buy,NHI,Gilbert Cisneros,BUY,1001.0,2026-01-15,
2026-03-24 09:57,congress,congress_sell,COLB,Gilbert Cisneros,SELL,15001.0,2026-01-15,
2026-03-24 09:57,congress,congress_buy,FBK,Gilbert Cisneros,BUY,1001.0,2026-01-15,
2026-03-24 09:57,congress,congress_buy,CATY,Gilbert Cisneros,BUY,1001.0,2026-01-15,
2026-03-24 09:57,congress,congress_buy,PWP,Gilbert Cisneros,BUY,1001.0,2026-01-15,
2026-03-24 09:57,congress,congress_buy,CSW,Gilbert Cisneros,BUY,1001.0,2026-01-15,
2026-03-24 09:57,congress,congress_buy,DASH,Gilbert Cisneros,BUY,1001.0,2026-01-20,
2026-03-24 09:57,congress,congress_buy,AEIS,Gilbert Cisneros,BUY,1001.0,2026-01-20,
2026-03-24 09:57,congress,congress_buy,CP,Gilbert Cisneros,BUY,1001.0,2026-01-20,
2026-03-24 09:57,congress,congress_sell,WRB,Gilbert Cisneros,SELL,1001.0,2026-01-20,
2026-03-24 09:57,congress,congress_sell,MTSI,Gilbert Cisneros,SELL,1001.0,2026-01-20,
2026-03-24 09:57,congress,congress_buy,SMTC,Gilbert Cisneros,BUY,1001.0,2026-01-20,
2026-03-24 09:57,congress,congress_buy,CRDO,Gilbert Cisneros,BUY,1001.0,2026-01-20,
2026-03-24 09:57,congress,congress_sell,PAAS,Gilbert Cisneros,SELL,50001.0,2026-01-27,
2026-03-24 09:57,congress,congress_buy,WPM,Gilbert Cisneros,BUY,15001.0,2026-01-27,
2026-03-24 09:57,congress,congress_buy,AVAV,Gilbert Cisneros,BUY,1001.0,2026-01-27,
2026-03-24 09:57,congress,congress_buy,EPAC,Gilbert Cisneros,BUY,1001.0,2026-01-27,
2026-03-24 09:57,congress,congress_buy,DASH,Gilbert Cisneros,BUY,1001.0,2026-01-28,
2026-03-24 09:57,congress,congress_buy,PTC,Gilbert Cisneros,BUY,1001.0,2026-01-28,
2026-03-24 09:57,congress,congress_sell,VLTO,Gilbert Cisneros,SELL,1001.0,2026-01-28,
2026-03-24 09:57,congress,congress_buy,CSGP,Gilbert Cisneros,BUY,1001.0,2026-01-28,
2026-03-24 09:57,congress,congress_buy,WDAY,Gilbert Cisneros,BUY,1001.0,2026-01-28,
2026-03-24 09:57,congress,congress_sell,DLTR,Gilbert Cisneros,SELL,1001.0,2026-01-28,
2026-03-24 09:57,congress,congress_sell,PG,Gilbert Cisneros,SELL,1001.0,2026-01-30,
2026-03-24 09:57,congress,congress_buy,COST,Gilbert Cisneros,BUY,1001.0,2026-01-30,
2026-03-24 09:57,congress,congress_buy,VRT,Gilbert Cisneros,BUY,1001.0,2026-01-30,
2026-03-24 09:57,congress,congress_buy,HD,Gilbert Cisneros,BUY,1001.0,2026-01-30,
2026-03-24 09:57,congress,congress_buy,TSM,Gilbert Cisneros,BUY,1001.0,2026-01-30,
2026-03-24 09:57,congress,congress_buy,TDG,Gilbert Cisneros,BUY,1001.0,2026-01-30,
2026-03-24 09:57,congress,congress_buy,AMZN,Gilbert Cisneros,BUY,1001.0,2026-01-30,
2026-03-24 09:57,congress,congress_buy,ISRG,Gilbert Cisneros,BUY,1001.0,2026-01-30,
2026-03-24 09:57,congress,congress_buy,HOOD,Gilbert Cisneros,BUY,1001.0,2026-01-30,
2026-03-24 09:57,congress,congress_buy,BSX,Gilbert Cisneros,BUY,1001.0,2026-01-30,
2026-03-24 09:57,congress,congress_buy,MELI,Gilbert Cisneros,BUY,1001.0,2026-01-30,
2026-03-24 09:57,congress,congress_buy,META,Gilbert Cisneros,BUY,1001.0,2026-01-30,
2026-03-24 09:57,congress,congress_buy,ANET,Gilbert Cisneros,BUY,1001.0,2026-01-30,
2026-03-24 09:57,congress,congress_buy,BE,Gilbert Cisneros,BUY,1001.0,2026-01-30,
2026-03-24 09:57,congress,congress_buy,ORCL,Gilbert Cisneros,BUY,1001.0,2026-01-30,
2026-03-24 09:57,congress,congress_buy,ASML,Gilbert Cisneros,BUY,1001.0,2026-01-30,
2026-03-24 09:57,congress,congress_buy,NVDA,Gilbert Cisneros,BUY,1001.0,2026-01-30,
2026-03-24 09:57,congress,congress_buy,NET,Gilbert Cisneros,BUY,1001.0,2026-01-30,
2026-03-24 09:57,congress,congress_buy,PWR,Gilbert Cisneros,BUY,1001.0,2026-01-30,
2026-03-24 09:57,congress,congress_buy,AZO,Gilbert Cisneros,BUY,1001.0,2026-01-30,
2026-03-24 09:57,congress,congress_buy,BIIB,Gilbert Cisneros,BUY,1001.0,2026-01-30,
2026-03-24 09:57,congress,congress_buy,COIN,Gilbert Cisneros,BUY,1001.0,2026-01-30,
2026-03-24 09:57,congress,congress_buy,RNMBF,Gilbert Cisneros,BUY,1001.0,2026-02-03,
2026-03-24 09:57,congress,congress_buy,TCTZF,Gilbert Cisneros,BUY,1001.0,2026-02-03,
2026-03-24 09:57,congress,congress_buy,HESAF,Gilbert Cisneros,BUY,1001.0,2026-02-03,
2026-03-24 09:57,congress,congress_buy,AJINF,Gilbert Cisneros,BUY,1001.0,2026-02-03,
2026-03-24 09:57,congress,congress_buy,BABAF,Gilbert Cisneros,BUY,1001.0,2026-02-03,
2026-03-24 09:57,congress,congress_buy,XIACF,Gilbert Cisneros,BUY,1001.0,2026-02-03,
2026-03-24 09:57,congress,congress_buy,MHVYF,Gilbert Cisneros,BUY,1001.0,2026-02-03,
2026-03-24 09:57,congress,congress_buy,SAN,Gilbert Cisneros,BUY,1001.0,2026-02-03,
2026-03-24 09:57,congress,congress_buy,FINMF,Gilbert Cisneros,BUY,1001.0,2026-02-03,
2026-03-24 09:57,congress,congress_buy,DIS,John Boozman,BUY,1001.0,2026-01-08,
2026-03-24 09:57,congress,congress_buy,NFLX,John Boozman,BUY,1001.0,2026-01-08,
2026-03-24 09:57,congress,congress_buy,XOM,John Boozman,BUY,1001.0,2026-01-08,
2026-03-24 09:57,congress,congress_buy,V,John Boozman,BUY,1001.0,2026-01-15,
2026-03-24 09:57,congress,congress_buy,AAPL,John Boozman,BUY,1001.0,2026-01-15,
2026-03-24 09:57,congress,congress_buy,TBLL,John Boozman,BUY,1001.0,2026-01-23,
2026-03-24 09:57,congress,congress_buy,GIGB,John Boozman,BUY,1001.0,2026-01-23,
2026-03-24 09:57,congress,congress_buy,JMBS,John Boozman,BUY,1001.0,2026-01-23,
2026-03-24 09:57,congress,congress_buy,VNQI,John Boozman,BUY,1001.0,2026-01-23,
2026-03-24 09:57,congress,congress_buy,EIPI,John Boozman,BUY,1001.0,2026-01-23,
2026-03-24 09:57,congress,congress_buy,FTGC,John Boozman,BUY,1001.0,2026-01-23,
2026-03-24 09:57,congress,congress_buy,RNWGX,John Boozman,BUY,1001.0,2026-01-23,
2026-03-24 09:57,congress,congress_buy,LITP,John Boozman,BUY,1001.0,2026-01-23,
2026-03-24 09:57,congress,congress_buy,CMBS,John Boozman,BUY,1001.0,2026-01-23,
2026-03-24 09:57,congress,congress_buy,TPYP,John Boozman,BUY,1001.0,2026-01-23,
2026-03-24 09:57,congress,congress_buy,IVV,John Boozman,BUY,1001.0,2026-01-23,
2026-03-24 09:57,congress,congress_buy,GEM,John Boozman,BUY,1001.0,2026-01-23,
2026-03-24 09:57,congress,congress_buy,MBB,John Boozman,BUY,1001.0,2026-01-23,
2026-03-24 09:57,congress,congress_buy,DXCM,John Boozman,BUY,1001.0,2026-01-26,
2026-03-24 09:57,congress,congress_buy,CVS,John Boozman,BUY,1001.0,2026-01-29,
2026-03-24 09:57,congress,congress_buy,PYPL,John Boozman,BUY,1001.0,2026-01-29,
2026-03-24 09:57,congress,congress_buy,ETN,John Boozman,BUY,1001.0,2026-01-29,
2026-03-24 09:57,congress,congress_buy,CAT,John Boozman,BUY,1001.0,2026-01-29,
2026-03-24 09:57,congress,congress_sell,LRCX,John Boozman,SELL,1001.0,2026-01-08,
2026-03-24 09:57,congress,congress_sell,MU,John Boozman,SELL,1001.0,2026-01-08,
2026-03-24 09:57,congress,congress_sell,OMC,John Boozman,SELL,1001.0,2026-01-15,
2026-03-24 09:57,congress,congress_sell,IWM,John Boozman,SELL,1001.0,2026-01-23,
2026-03-24 09:57,congress,congress_sell,PALL,John Boozman,SELL,1001.0,2026-01-23,
2026-03-24 09:57,congress,congress_sell,MDY,John Boozman,SELL,1001.0,2026-01-23,
2026-03-24 09:57,congress,congress_sell,PPLT,John Boozman,SELL,1001.0,2026-01-23,
2026-03-24 09:57,congress,congress_sell,SLV,John Boozman,SELL,1001.0,2026-01-23,
2026-03-24 09:57,congress,congress_sell,MU,John Boozman,SELL,1001.0,2026-01-26,
2026-03-24 09:57,congress,congress_sell,OMC,John Boozman,SELL,1001.0,2026-01-29,
2026-03-24 09:57,congress,congress_sell,IVW,John Boozman,SELL,1001.0,2026-01-29,
2026-03-24 09:57,congress,congress_sell,UNP,John Boozman,SELL,1001.0,2026-01-29,
2026-03-24 09:57,congress,congress_sell,FISV,John Boozman,SELL,1001.0,2026-01-29,
2026-03-24 09:57,congress,congress_sell,DT,Michael Patrick Guest,SELL,1001.0,2026-01-09,
2026-03-24 09:57,congress,congress_sell,OTCM,Michael Patrick Guest,SELL,1001.0,2026-01-09,
2026-03-24 09:57,congress,congress_sell,CHRD,Michael Patrick Guest,SELL,1001.0,2026-01-09,
2026-03-24 09:57,congress,congress_sell,PAYX,Richard W. Allen,SELL,15001.0,2026-01-14,
2026-03-24 09:57,congress,congress_buy,SPGI,Richard W. Allen,BUY,15001.0,2026-01-14,
2026-03-24 09:57,congress,congress_sell,NVDA,Daniel Meuser,SELL,1001.0,2026-01-14,
2026-03-24 09:57,congress,congress_sell,AWK,Richard W. Allen,SELL,50001.0,2026-01-14,
2026-03-24 09:57,congress,congress_sell,NVDA,Daniel Meuser,SELL,1001.0,2026-01-30,
2026-03-24 09:57,congress,congress_sell,MKL,Thomas H. Kean Jr,SELL,15001.0,2026-01-23,
2026-03-24 09:57,congress,congress_sell,JNJ,Thomas H. Kean Jr,SELL,15001.0,2026-01-23,
2026-03-24 09:57,congress,congress_sell,SYK,Thomas H. Kean Jr,SELL,15001.0,2026-01-23,
2026-03-24 09:57,congress,congress_sell,MSFT,Thomas H. Kean Jr,SELL,1001.0,2026-01-23,
2026-03-24 09:57,congress,congress_buy,ABT,Thomas H. Kean Jr,BUY,1001.0,2026-01-29,
2026-03-24 09:57,congress,congress_sell,STT,Jake Auchincloss,SELL,15001.0,2026-02-17,
2026-03-24 09:57,congress,congress_buy,HOG,Tim Moore,BUY,15001.0,2026-01-23,
2026-03-24 09:57,congress,congress_sell,T,Tim Moore,SELL,15001.0,2026-01-30,
2026-03-24 09:57,congress,congress_buy,SMPL,Tim Moore,BUY,15001.0,2026-02-03,
2026-03-24 09:57,congress,congress_buy,GNPX,Tim Moore,BUY,1001.0,2026-02-05,
2026-03-24 09:57,congress,congress_buy,MSFT,David J. Taylor,BUY,1001.0,2026-02-09,
2026-03-24 09:57,congress,congress_buy,AMZN,David J. Taylor,BUY,1001.0,2026-02-09,
2026-03-24 09:57,congress,congress_buy,CRM,David J. Taylor,BUY,1001.0,2026-02-09,
2026-03-24 09:57,congress,congress_sell,PH,David J. Taylor,SELL,1001.0,2026-02-09,
2026-03-24 09:57,congress,congress_buy,PG,David J. Taylor,BUY,1001.0,2026-02-09,
2026-03-24 09:57,congress,congress_buy,V,David J. Taylor,BUY,1001.0,2026-02-09,
2026-03-24 09:57,congress,congress_sell,LLY,David J. Taylor,SELL,1001.0,2026-02-09,
2026-03-24 09:57,congress,congress_buy,PGR,David J. Taylor,BUY,1001.0,2026-02-10,
2026-03-24 09:57,congress,congress_buy,SMPL,Tim Moore,BUY,15001.0,2026-02-11,
2026-03-24 09:57,congress,congress_buy,DNUT,Tim Moore,BUY,1001.0,2026-02-12,
2026-03-24 09:57,congress,congress_sell,COIN,Tim Moore,SELL,1001.0,2026-02-18,
2026-03-24 09:57,congress,congress_sell,GS,David H. McCormick,SELL,1000001.0,2026-01-23,
2026-03-24 09:57,congress,congress_buy,WMT,Jonathan Jackson,BUY,50001.0,2026-01-13,
2026-03-24 09:57,congress,congress_sell,TMUS,Jonathan Jackson,SELL,50001.0,2026-01-13,
2026-03-24 09:57,congress,congress_sell,PLTR,Jonathan Jackson,SELL,15001.0,2026-01-16,
2026-03-24 09:57,congress,congress_sell,HOOD,Jonathan Jackson,SELL,1001.0,2026-01-20,
2026-03-24 09:57,congress,congress_buy,JPM,Jonathan Jackson,BUY,1001.0,2026-01-20,
2026-03-24 09:57,congress,congress_sell,CPNG,Jonathan Jackson,SELL,15001.0,2026-01-22,
2026-03-24 09:57,congress,congress_buy,VSAT,Jonathan Jackson,BUY,50001.0,2026-01-22,
2026-03-24 09:57,congress,congress_buy,C,Jonathan Jackson,BUY,15001.0,2026-01-30,
2026-03-24 09:57,congress,congress_buy,GEV,Jonathan Jackson,BUY,15001.0,2026-01-30,
2026-03-24 09:57,congress,congress_sell,SHOP,Jonathan Jackson,SELL,50001.0,2026-01-30,
2026-03-24 09:57,congress,congress_sell,HSY,Scott Scott Franklin,SELL,50001.0,2026-02-10,
2026-03-24 09:57,congress,congress_exchange,WAT,Debbie Dingell,EXCHANGE,1001.0,2026-02-10,
2026-03-24 09:57,congress,congress_buy,GOOGL,Cleo Fields,BUY,100001.0,2026-02-03,
2026-03-24 09:57,congress,congress_buy,MU,Cleo Fields,BUY,100001.0,2026-02-03,
2026-03-24 09:57,congress,congress_buy,AMD,Cleo Fields,BUY,50001.0,2026-02-03,
2026-03-24 09:57,congress,congress_buy,META,Cleo Fields,BUY,100001.0,2026-02-03,
2026-03-24 09:57,congress,congress_buy,LRCX,Cleo Fields,BUY,15001.0,2026-02-03,
2026-03-24 09:57,congress,congress_buy,AAPL,Cleo Fields,BUY,1001.0,2026-02-12,
2026-03-24 09:57,congress,congress_buy,ICE,Josh Gottheimer,BUY,1001.0,2026-01-26,
2026-03-24 09:57,congress,congress_sell,SNDR,Josh Gottheimer,SELL,1001.0,2026-01-26,
2026-03-24 09:57,congress,congress_sell,NSRGY,Josh Gottheimer,SELL,1001.0,2026-01-26,
2026-03-24 09:57,congress,congress_buy,GILD,Josh Gottheimer,BUY,1001.0,2026-01-27,
2026-03-24 09:57,congress,congress_sell,NOW,Josh Gottheimer,SELL,1001.0,2026-01-30,
2026-03-24 09:57,congress,congress_sell,UBER,Josh Gottheimer,SELL,1001.0,2026-01-30,
2026-03-24 09:57,congress,congress_buy,ARLP,Virginia Foxx,BUY,1001.0,2026-02-13,
2026-03-24 09:57,congress,congress_buy,MCK,Markwayne Mullin,BUY,15001.0,2026-02-04,
2026-03-24 09:57,congress,congress_buy,C,Markwayne Mullin,BUY,15001.0,2026-02-04,
2026-03-24 09:57,congress,congress_buy,FCFS,Markwayne Mullin,BUY,15001.0,2026-02-04,
2026-03-24 09:57,congress,congress_sell,GS,Markwayne Mullin,SELL,15001.0,2026-02-04,
2026-03-24 09:57,congress,congress_sell,COHR,Markwayne Mullin,SELL,15001.0,2026-02-04,
2026-03-24 09:57,congress,congress_buy,AMKR,Markwayne Mullin,BUY,15001.0,2026-02-04,
2026-03-24 09:57,congress,congress_sell,MTZ,Markwayne Mullin,SELL,15001.0,2026-02-04,
2026-03-24 09:57,congress,congress_sell,CRDO,Markwayne Mullin,SELL,15001.0,2026-02-04,
2026-03-24 09:57,congress,congress_buy,MPWR,Markwayne Mullin,BUY,15001.0,2026-02-04,
2026-03-24 09:57,congress,congress_buy,LRN,Markwayne Mullin,BUY,15001.0,2026-02-04,
2026-03-24 09:57,congress,congress_buy,CRS,Markwayne Mullin,BUY,15001.0,2026-02-04,
2026-03-24 09:57,congress,congress_buy,ADBE,Markwayne Mullin,BUY,15001.0,2026-02-04,
2026-03-24 09:57,congress,congress_buy,APG,Markwayne Mullin,BUY,15001.0,2026-02-04,
2026-03-24 09:57,congress,congress_sell,IRM,Markwayne Mullin,SELL,1001.0,2026-02-04,
2026-03-24 09:57,congress,congress_sell,AIT,Markwayne Mullin,SELL,1001.0,2026-02-04,
2026-03-24 09:57,congress,congress_buy,VSEC,Markwayne Mullin,BUY,15001.0,2026-02-04,
2026-03-24 09:57,congress,congress_sell,DELL,Markwayne Mullin,SELL,15001.0,2026-02-04,
2026-03-24 09:57,congress,congress_buy,BBAI,Lisa Mcclain,BUY,1001.0,2026-02-04,
2026-03-24 09:57,congress,congress_buy,BBAI,Lisa Mcclain,BUY,15001.0,2026-02-06,
2026-03-24 09:57,congress,congress_buy,AVGO,Shelley Moore Capito,BUY,1001.0,2026-02-09,
2026-03-24 09:57,congress,congress_sell,BLK,Shelley Moore Capito,SELL,1001.0,2026-02-10,
2026-03-24 09:57,congress,congress_sell,ADI,Shelley Moore Capito,SELL,1001.0,2026-02-10,
2026-03-24 09:57,congress,congress_sell,PAYX,Shelley Moore Capito,SELL,1001.0,2026-02-20,
2026-03-24 09:57,congress,congress_sell,ITW,Shelley Moore Capito,SELL,1001.0,2026-02-24,
2026-03-24 09:57,congress,congress_sell,SIRI,John Hickenlooper,SELL,50001.0,2026-02-05,
2026-03-24 09:57,congress,congress_buy,PG,Lloyd Doggett,BUY,1001.0,2026-02-17,
2026-03-24 09:57,congress,congress_exchange,WAT,Kevin Hern,EXCHANGE,1001.0,2026-02-09,
2026-03-24 09:57,congress,congress_buy,TTD,Byron Donalds,BUY,1001.0,2026-02-10,
2026-03-24 09:57,congress,congress_buy,NOW,Byron Donalds,BUY,1001.0,2026-02-10,
2026-03-24 09:57,congress,congress_sell,PYPL,Byron Donalds,SELL,1001.0,2026-02-10,
2026-03-24 09:57,congress,congress_sell,BRO,Byron Donalds,SELL,1001.0,2026-02-10,
2026-03-24 09:57,congress,congress_buy,MSFT,David J. Taylor,BUY,1001.0,2026-02-26,
2026-03-24 09:57,congress,congress_sell,PG,David J. Taylor,SELL,1001.0,2026-02-26,
2026-03-24 09:57,congress,congress_sell,AMGN,David J. Taylor,SELL,1001.0,2026-02-26,
2026-03-24 09:57,congress,congress_sell,T,David J. Taylor,SELL,1001.0,2026-02-26,
2026-03-24 09:57,congress,congress_sell,KR,David J. Taylor,SELL,1001.0,2026-02-26,
2026-03-24 09:57,congress,congress_sell,AEP,David J. Taylor,SELL,1001.0,2026-02-26,
2026-03-24 09:57,congress,congress_sell,IBP,David J. Taylor,SELL,1001.0,2026-02-26,
2026-03-24 09:57,congress,congress_sell,MPC,David J. Taylor,SELL,1001.0,2026-02-26,
2026-03-24 09:57,congress,congress_sell,CVX,David J. Taylor,SELL,1001.0,2026-02-26,
2026-03-24 09:57,congress,congress_buy,LLY,David J. Taylor,BUY,1001.0,2026-02-26,
2026-03-24 09:57,congress,congress_sell,LRCX,David J. Taylor,SELL,1001.0,2026-02-26,
2026-03-24 09:57,congress,congress_buy,GOOGL,David J. Taylor,BUY,1001.0,2026-02-26,
2026-03-24 09:57,congress,congress_buy,MEDP,David J. Taylor,BUY,1001.0,2026-02-26,
2026-03-24 09:57,congress,congress_buy,AMZN,David J. Taylor,BUY,1001.0,2026-02-26,
2026-03-24 09:57,congress,congress_sell,ETN,David J. Taylor,SELL,1001.0,2026-02-26,
2026-03-24 09:57,congress,congress_sell,RPM,David J. Taylor,SELL,1001.0,2026-02-26,
2026-03-24 09:57,congress,congress_buy,AVGO,David J. Taylor,BUY,1001.0,2026-02-26,
2026-03-24 09:57,congress,congress_sell,CRM,David J. Taylor,SELL,1001.0,2026-02-26,
2026-03-24 09:57,congress,congress_sell,IBM,David J. Taylor,SELL,1001.0,2026-02-26,
2026-03-24 09:57,congress,congress_sell,PH,David J. Taylor,SELL,1001.0,2026-02-26,
2026-03-24 09:57,congress,congress_sell,AAPL,David J. Taylor,SELL,1001.0,2026-02-26,
2026-03-24 09:57,congress,congress_sell,PLD,David J. Taylor,SELL,1001.0,2026-02-26,
2026-03-24 09:57,congress,congress_sell,FITB,David J. Taylor,SELL,1001.0,2026-02-26,
2026-03-24 09:57,congress,congress_buy,V,David J. Taylor,BUY,1001.0,2026-02-26,
2026-03-24 09:57,congress,congress_sell,MA,Sheldon Whitehouse,SELL,1001.0,2026-02-23,
2026-03-24 09:57,congress,congress_sell,VZ,Sheldon Whitehouse,SELL,1001.0,2026-02-23,
2026-03-24 09:57,congress,congress_sell,PEP,Sheldon Whitehouse,SELL,1001.0,2026-02-23,
2026-03-24 09:57,congress,congress_sell,HD,Sheldon Whitehouse,SELL,1001.0,2026-02-23,
2026-03-24 09:57,congress,congress_buy,XTWO,John Boozman,BUY,15001.0,2026-02-06,
2026-03-24 09:57,congress,congress_buy,TLH,John Boozman,BUY,1001.0,2026-02-06,
2026-03-24 09:57,congress,congress_buy,IEF,John Boozman,BUY,1001.0,2026-02-06,
2026-03-24 09:57,congress,congress_buy,CMBS,John Boozman,BUY,1001.0,2026-02-06,
2026-03-24 09:57,congress,congress_buy,EMB,John Boozman,BUY,1001.0,2026-02-06,
2026-03-24 09:57,congress,congress_buy,UBER,John Boozman,BUY,1001.0,2026-02-06,
2026-03-24 09:57,congress,congress_buy,GIGB,John Boozman,BUY,1001.0,2026-02-06,
2026-03-24 09:57,congress,congress_buy,MSFT,John Boozman,BUY,1001.0,2026-02-13,
2026-03-24 09:57,congress,congress_buy,KR,John Boozman,BUY,1001.0,2026-02-26,
2026-03-24 09:57,congress,congress_buy,NTAP,John Boozman,BUY,1001.0,2026-02-27,
2026-03-24 09:57,congress,congress_sell,SHY,John Boozman,SELL,15001.0,2026-02-06,
2026-03-24 09:57,congress,congress_sell,MBB,John Boozman,SELL,1001.0,2026-02-06,
2026-03-24 09:57,congress,congress_sell,JMBS,John Boozman,SELL,1001.0,2026-02-06,
2026-03-24 09:57,congress,congress_sell,AGZ,John Boozman,SELL,1001.0,2026-02-06,
2026-03-24 09:57,congress,congress_sell,DBLEX,John Boozman,SELL,1001.0,2026-02-06,
2026-03-24 09:57,congress,congress_sell,ADBE,John Boozman,SELL,1001.0,2026-02-13,
2026-03-24 09:57,congress,congress_sell,UNP,John Boozman,SELL,1001.0,2026-02-19,
2026-03-24 09:57,congress,congress_sell,PG,John Boozman,SELL,1001.0,2026-02-26,
2026-03-24 09:57,congress,congress_sell,AMAT,John Boozman,SELL,1001.0,2026-02-27,
2026-03-24 09:57,congress,congress_sell,APP,Gilbert Cisneros,SELL,1001.0,2026-02-05,
2026-03-24 09:57,congress,congress_sell,DAY,Gilbert Cisneros,SELL,50001.0,2026-02-05,
2026-03-24 09:57,congress,congress_buy,BABA,Gilbert Cisneros,BUY,50001.0,2026-02-09,
2026-03-24 09:57,congress,congress_buy,TSM,Gilbert Cisneros,BUY,100001.0,2026-02-09,
2026-03-24 09:57,congress,congress_buy,VRSK,Gilbert Cisneros,BUY,1001.0,2026-02-10,
2026-03-24 09:57,congress,congress_sell,FISV,Gilbert Cisneros,SELL,1001.0,2026-02-10,
2026-03-24 09:57,congress,congress_buy,KMI,Gilbert Cisneros,BUY,1001.0,2026-02-10,
2026-03-24 09:57,congress,congress_sell,BKNG,Gilbert Cisneros,SELL,1001.0,2026-02-10,
2026-03-24 09:57,congress,congress_sell,WBD,Gilbert Cisneros,SELL,1001.0,2026-02-10,
2026-03-24 09:57,congress,congress_buy,GDDY,Gilbert Cisneros,BUY,1001.0,2026-02-10,
2026-03-24 09:57,congress,congress_buy,DPZ,Gilbert Cisneros,BUY,1001.0,2026-02-10,
2026-03-24 09:57,congress,congress_sell,FIS,Gilbert Cisneros,SELL,1001.0,2026-02-10,
2026-03-24 09:57,congress,congress_sell,AJG,Gilbert Cisneros,SELL,1001.0,2026-02-10,
2026-03-24 09:57,congress,congress_buy,FSV,Gilbert Cisneros,BUY,1001.0,2026-02-10,
2026-03-24 09:57,congress,congress_buy,ZTS,Gilbert Cisneros,BUY,1001.0,2026-02-10,
2026-03-24 09:57,congress,congress_buy,STE,Gilbert Cisneros,BUY,1001.0,2026-02-10,
2026-03-24 09:57,congress,congress_sell,FSLR,Gilbert Cisneros,SELL,1001.0,2026-02-10,
2026-03-24 09:57,congress,congress_buy,CTRA,Gilbert Cisneros,BUY,1001.0,2026-02-10,
2026-03-24 09:57,congress,congress_buy,AMD,Gilbert Cisneros,BUY,1001.0,2026-02-10,
2026-03-24 09:57,congress,congress_sell,PGR,Gilbert Cisneros,SELL,1001.0,2026-02-10,
2026-03-24 09:57,congress,congress_sell,APP,Gilbert Cisneros,SELL,1001.0,2026-02-10,
2026-03-24 09:57,congress,congress_buy,OXY,Gilbert Cisneros,BUY,1001.0,2026-02-10,
2026-03-24 09:57,congress,congress_sell,DIS,Gilbert Cisneros,SELL,1001.0,2026-02-10,
2026-03-24 09:57,congress,congress_buy,OKE,Gilbert Cisneros,BUY,1001.0,2026-02-10,
2026-03-24 09:57,congress,congress_buy,CVX,Gilbert Cisneros,BUY,15001.0,2026-02-10,
2026-03-24 09:57,congress,congress_buy,KVUE,Gilbert Cisneros,BUY,1001.0,2026-02-10,
2026-03-24 09:57,congress,congress_sell,IBM,Gilbert Cisneros,SELL,1001.0,2026-02-10,
2026-03-24 09:57,congress,congress_sell,SQ,Gilbert Cisneros,SELL,1001.0,2026-02-10,
2026-03-24 09:57,congress,congress_sell,FICO,Gilbert Cisneros,SELL,1001.0,2026-02-10,
2026-03-24 09:57,congress,congress_buy,BSX,Gilbert Cisneros,BUY,1001.0,2026-02-10,
2026-03-24 09:57,congress,congress_sell,ERIE,Gilbert Cisneros,SELL,1001.0,2026-02-10,
2026-03-24 09:57,congress,congress_buy,EOG,Gilbert Cisneros,BUY,15001.0,2026-02-10,
2026-03-24 09:57,congress,congress_sell,PRU,Gilbert Cisneros,SELL,1001.0,2026-02-10,
2026-03-24 09:57,congress,congress_sell,IVZ,Gilbert Cisneros,SELL,1001.0,2026-02-10,
2026-03-24 09:57,congress,congress_sell,MSFT,Gilbert Cisneros,SELL,15001.0,2026-02-10,
2026-03-24 09:57,congress,congress_sell,UAL,Gilbert Cisneros,SELL,1001.0,2026-02-10,
2026-03-24 09:57,congress,congress_buy,PFE,Gilbert Cisneros,BUY,1001.0,2026-02-10,
2026-03-24 09:57,congress,congress_sell,UNH,Gilbert Cisneros,SELL,15001.0,2026-02-10,
2026-03-24 09:57,congress,congress_sell,TTD,Gilbert Cisneros,SELL,1001.0,2026-02-10,
2026-03-24 09:57,congress,congress_sell,ACN,Gilbert Cisneros,SELL,1001.0,2026-02-10,
2026-03-24 09:57,congress,congress_sell,AME,Gilbert Cisneros,SELL,1001.0,2026-02-10,
2026-03-24 09:57,congress,congress_sell,MU,Gilbert Cisneros,SELL,1001.0,2026-02-10,
2026-03-24 09:57,congress,congress_sell,GIS,Gilbert Cisneros,SELL,1001.0,2026-02-10,
2026-03-24 09:57,congress,congress_buy,VRSN,Gilbert Cisneros,BUY,1001.0,2026-02-10,
2026-03-24 09:57,congress,congress_sell,ROP,Gilbert Cisneros,SELL,15001.0,2026-02-10,
2026-03-24 09:57,congress,congress_buy,TRGP,Gilbert Cisneros,BUY,1001.0,2026-02-10,
2026-03-24 09:57,congress,congress_sell,GD,Gilbert Cisneros,SELL,1001.0,2026-02-10,
2026-03-24 09:57,congress,congress_buy,DASH,Gilbert Cisneros,BUY,1001.0,2026-02-10,
2026-03-24 09:57,congress,congress_buy,COP,Gilbert Cisneros,BUY,1001.0,2026-02-10,
2026-03-24 09:57,congress,congress_sell,SWKS,Gilbert Cisneros,SELL,1001.0,2026-02-10,
2026-03-24 09:57,congress,congress_sell,INVH,Gilbert Cisneros,SELL,1001.0,2026-02-10,
2026-03-24 09:57,congress,congress_sell,EG,Gilbert Cisneros,SELL,1001.0,2026-02-10,
2026-03-24 09:57,congress,congress_buy,WMB,Gilbert Cisneros,BUY,1001.0,2026-02-10,
2026-03-24 09:57,congress,congress_sell,DOC,Gilbert Cisneros,SELL,1001.0,2026-02-10,
2026-03-24 09:57,congress,congress_sell,ABT,Gilbert Cisneros,SELL,1001.0,2026-02-10,
2026-03-24 09:57,congress,congress_buy,XOM,Gilbert Cisneros,BUY,50001.0,2026-02-10,
2026-03-24 09:57,congress,congress_buy,AMZN,Gilbert Cisneros,BUY,1001.0,2026-02-10,
2026-03-24 09:57,congress,congress_buy,EQT,Gilbert Cisneros,BUY,1001.0,2026-02-10,
2026-03-24 09:57,congress,congress_buy,ILMN,Gilbert Cisneros,BUY,1001.0,2026-02-10,
2026-03-24 09:57,congress,congress_sell,GE,Gilbert Cisneros,SELL,15001.0,2026-02-10,
2026-03-24 09:57,congress,congress_buy,EXE,Gilbert Cisneros,BUY,1001.0,2026-02-10,
2026-03-24 09:57,congress,congress_buy,CAG,Gilbert Cisneros,BUY,1001.0,2026-02-10,
2026-03-24 09:57,congress,congress_sell,COF,Gilbert Cisneros,SELL,1001.0,2026-02-10,
2026-03-24 09:57,congress,congress_sell,COIN,Gilbert Cisneros,SELL,1001.0,2026-02-12,
2026-03-24 09:57,congress,congress_buy,MHVYF,Gilbert Cisneros,BUY,1001.0,2026-02-13,
2026-03-24 09:57,congress,congress_buy,FSV,Gilbert Cisneros,BUY,1001.0,2026-02-13,
2026-03-24 09:57,congress,congress_buy,FSV,Gilbert Cisneros,BUY,1001.0,2026-02-17,
2026-03-24 09:57,congress,congress_sell,APPF,Gilbert Cisneros,SELL,1001.0,2026-02-18,
2026-03-24 09:57,congress,congress_sell,PRIM,Gilbert Cisneros,SELL,1001.0,2026-02-18,
2026-03-24 09:57,congress,congress_sell,DSGX,Gilbert Cisneros,SELL,1001.0,2026-02-18,
2026-03-24 09:57,congress,congress_sell,PAR,Gilbert Cisneros,SELL,1001.0,2026-02-18,
2026-03-24 09:57,congress,congress_buy,RARE,Gilbert Cisneros,BUY,1001.0,2026-02-18,
2026-03-24 09:57,congress,congress_sell,XIACF,Gilbert Cisneros,SELL,1001.0,2026-02-20,
2026-03-24 09:57,congress,congress_sell,TPH,Gilbert Cisneros,SELL,1001.0,2026-02-23,
2026-03-24 09:57,congress,congress_buy,SKY,Gilbert Cisneros,BUY,1001.0,2026-02-23,
2026-03-24 09:57,congress,congress_buy,MU,Gilbert Cisneros,BUY,1001.0,2026-02-24,
2026-03-24 09:57,congress,congress_sell,UBER,Gilbert Cisneros,SELL,1001.0,2026-02-24,
2026-03-24 09:57,congress,congress_sell,ORCL,Gilbert Cisneros,SELL,1001.0,2026-02-24,
2026-03-24 09:57,congress,congress_sell,HOOD,Gilbert Cisneros,SELL,1001.0,2026-02-24,
2026-03-24 09:57,congress,congress_buy,TSM,Gilbert Cisneros,BUY,1001.0,2026-02-26,
2026-03-24 09:57,congress,congress_buy,FSS,Gilbert Cisneros,BUY,1001.0,2026-03-02,
2026-03-24 09:57,congress,congress_sell,THR,Gilbert Cisneros,SELL,1001.0,2026-03-02,
2026-03-24 09:57,congress,congress_sell,VZ,Pete Sessions,SELL,1001.0,2026-03-09,
2026-03-24 09:57,congress,congress_sell,BJ,April Mcclain Delaney,SELL,1001.0,2026-02-02,
2026-03-24 09:57,congress,congress_sell,VIK,April Mcclain Delaney,SELL,1001.0,2026-02-03,
2026-03-24 09:57,congress,congress_buy,EME,April Mcclain Delaney,BUY,1001.0,2026-02-04,
2026-03-24 09:57,congress,congress_buy,LH,April Mcclain Delaney,BUY,1001.0,2026-02-04,
2026-03-24 09:57,congress,congress_sell,BJ,April Mcclain Delaney,SELL,1001.0,2026-02-05,
2026-03-24 09:57,congress,congress_buy,CHRW,April Mcclain Delaney,BUY,1001.0,2026-02-05,
2026-03-24 09:57,congress,congress_sell,MORN,April Mcclain Delaney,SELL,1001.0,2026-02-06,
2026-03-24 09:57,congress,congress_buy,CHRW,April Mcclain Delaney,BUY,1001.0,2026-02-06,
2026-03-24 09:57,congress,congress_sell,MIDD,April Mcclain Delaney,SELL,15001.0,2026-02-06,
2026-03-24 09:57,congress,congress_buy,STE,April Mcclain Delaney,BUY,1001.0,2026-02-06,
2026-03-24 09:57,congress,congress_buy,BRO,April Mcclain Delaney,BUY,1001.0,2026-02-06,
2026-03-24 09:57,congress,congress_sell,BJ,April Mcclain Delaney,SELL,1001.0,2026-02-09,
2026-03-24 09:57,congress,congress_sell,VIK,April Mcclain Delaney,SELL,1001.0,2026-02-09,
2026-03-24 09:57,congress,congress_sell,SGI,April Mcclain Delaney,SELL,1001.0,2026-02-09,
2026-03-24 09:57,congress,congress_sell,ENTG,April Mcclain Delaney,SELL,1001.0,2026-02-09,
2026-03-24 09:57,congress,congress_buy,CHRW,April Mcclain Delaney,BUY,1001.0,2026-02-09,
2026-03-24 09:57,congress,congress_buy,TSCO,April Mcclain Delaney,BUY,1001.0,2026-02-10,
2026-03-24 09:57,congress,congress_sell,JLL,April Mcclain Delaney,SELL,15001.0,2026-02-11,
2026-03-24 09:57,congress,congress_buy,LH,April Mcclain Delaney,BUY,1001.0,2026-02-11,
2026-03-24 09:57,congress,congress_sell,MIDD,April Mcclain Delaney,SELL,1001.0,2026-02-11,
2026-03-24 09:57,congress,congress_sell,VIK,April Mcclain Delaney,SELL,1001.0,2026-02-11,
2026-03-24 09:57,congress,congress_buy,ROL,April Mcclain Delaney,BUY,15001.0,2026-02-13,
2026-03-24 09:57,congress,congress_sell,BJ,April Mcclain Delaney,SELL,1001.0,2026-02-13,
2026-03-24 09:57,congress,congress_buy,CHRW,April Mcclain Delaney,BUY,15001.0,2026-02-13,
2026-03-24 09:57,congress,congress_sell,MIDD,April Mcclain Delaney,SELL,1001.0,2026-02-17,
2026-03-24 09:57,congress,congress_sell,JLL,April Mcclain Delaney,SELL,1001.0,2026-02-18,
2026-03-24 09:57,congress,congress_sell,MIDD,April Mcclain Delaney,SELL,1001.0,2026-02-18,
2026-03-24 09:57,congress,congress_sell,BJ,April Mcclain Delaney,SELL,1001.0,2026-02-18,
2026-03-24 09:57,congress,congress_buy,ROL,April Mcclain Delaney,BUY,1001.0,2026-02-18,
2026-03-24 09:57,congress,congress_sell,MORN,April Mcclain Delaney,SELL,1001.0,2026-02-19,
2026-03-24 09:57,congress,congress_buy,ROL,April Mcclain Delaney,BUY,1001.0,2026-02-20,
2026-03-24 09:57,congress,congress_sell,ENTG,April Mcclain Delaney,SELL,1001.0,2026-02-23,
2026-03-24 09:57,congress,congress_sell,JLL,April Mcclain Delaney,SELL,1001.0,2026-02-23,
2026-03-24 09:57,congress,congress_sell,PAYX,April Mcclain Delaney,SELL,1001.0,2026-02-23,
2026-03-24 09:57,congress,congress_buy,CLH,April Mcclain Delaney,BUY,15001.0,2026-02-23,
2026-03-24 09:57,congress,congress_sell,JLL,April Mcclain Delaney,SELL,1001.0,2026-02-24,
2026-03-24 09:57,congress,congress_sell,CDW,April Mcclain Delaney,SELL,1001.0,2026-02-24,
2026-03-24 09:57,congress,congress_sell,TECH,April Mcclain Delaney,SELL,1001.0,2026-02-24,
2026-03-24 09:57,congress,congress_sell,FBIN,April Mcclain Delaney,SELL,1001.0,2026-02-24,
2026-03-24 09:57,congress,congress_sell,PAYX,April Mcclain Delaney,SELL,1001.0,2026-02-24,
2026-03-24 09:57,congress,congress_sell,MORN,April Mcclain Delaney,SELL,1001.0,2026-02-25,
2026-03-24 09:57,congress,congress_buy,EME,April Mcclain Delaney,BUY,1001.0,2026-02-27,
2026-03-24 09:57,congress,congress_sell,JLL,April Mcclain Delaney,SELL,1001.0,2026-02-27,
2026-03-24 09:57,congress,congress_buy,NDAQ,April Mcclain Delaney,BUY,1001.0,2026-02-27,
2026-03-24 09:57,congress,congress_sell,MICC,Kelly Louise Morrison,SELL,1001.0,2026-03-08,
2026-03-24 09:57,congress,congress_sell,AJG,Kelly Louise Morrison,SELL,1001.0,2026-03-08,
2026-03-24 09:57,congress,congress_sell,INTU,Markwayne Mullin,SELL,15001.0,2026-02-25,
2026-03-24 09:57,congress,congress_sell,AZO,Markwayne Mullin,SELL,50001.0,2026-02-25,
2026-03-24 09:57,congress,congress_buy,UNH,Markwayne Mullin,BUY,50001.0,2026-02-25,
2026-03-24 09:57,congress,congress_sell,INTU,Richard W. Allen,SELL,15001.0,2026-02-18,
2026-03-24 09:57,congress,congress_buy,TSM,Richard W. Allen,BUY,1001.0,2026-02-19,
2026-03-24 09:57,congress,congress_buy,KMI,Richard W. Allen,BUY,1001.0,2026-02-19,
2026-03-24 09:57,congress,congress_sell,INTU,Richard W. Allen,SELL,1001.0,2026-02-19,
2026-03-24 09:57,congress,congress_sell,CRM,Julia Letlow,SELL,1001.0,2026-02-02,
2026-03-24 09:57,congress,congress_buy,AMD,Julia Letlow,BUY,1001.0,2026-02-02,
2026-03-24 09:57,congress,congress_buy,AAPL,Julia Letlow,BUY,1001.0,2026-02-02,
2026-03-24 09:57,congress,congress_buy,BA,Julia Letlow,BUY,1001.0,2026-02-02,
2026-03-24 09:57,congress,congress_sell,MMM,Julia Letlow,SELL,1001.0,2026-02-02,
2026-03-24 09:57,congress,congress_sell,MKC,Julia Letlow,SELL,1001.0,2026-02-02,
2026-03-24 09:57,congress,congress_buy,PG,Julia Letlow,BUY,1001.0,2026-02-02,
2026-03-24 09:57,congress,congress_buy,TSM,Julia Letlow,BUY,1001.0,2026-02-02,
2026-03-24 09:57,congress,congress_sell,URI,Julia Letlow,SELL,1001.0,2026-02-02,
2026-03-24 09:57,congress,congress_buy,CSCO,Julia Letlow,BUY,1001.0,2026-02-02,
2026-03-24 09:57,congress,congress_buy,DRS,Julia Letlow,BUY,1001.0,2026-02-02,
2026-03-24 09:57,congress,congress_sell,MSFT,Julia Letlow,SELL,1001.0,2026-02-02,
2026-03-24 09:57,congress,congress_sell,INTU,Julia Letlow,SELL,1001.0,2026-02-02,
2026-03-24 09:57,congress,congress_buy,IBM,Julia Letlow,BUY,1001.0,2026-02-02,
2026-03-24 09:57,congress,congress_sell,SHOP,Jonathan Jackson,SELL,1001.0,2026-02-03,
2026-03-24 09:57,congress,congress_sell,MMM,Julia Letlow,SELL,1001.0,2026-02-04,
2026-03-24 09:57,congress,congress_buy,C,Jonathan Jackson,BUY,1001.0,2026-02-04,
2026-03-24 09:57,congress,congress_sell,BRCM,Jonathan Jackson,SELL,1001.0,2026-02-04,
2026-03-24 09:57,congress,congress_buy,CMI,Julia Letlow,BUY,1001.0,2026-02-04,
2026-03-24 09:57,congress,congress_buy,PEP,Julia Letlow,BUY,1001.0,2026-02-05,
2026-03-24 09:57,congress,congress_sell,PANW,Jonathan Jackson,SELL,50001.0,2026-02-05,
2026-03-24 09:57,congress,congress_buy,AMZN,Jonathan Jackson,BUY,1001.0,2026-02-05,
2026-03-24 09:57,congress,congress_sell,PM,Julia Letlow,SELL,1001.0,2026-02-05,
2026-03-24 09:57,congress,congress_buy,C,Jonathan Jackson,BUY,50001.0,2026-02-05,
2026-03-24 09:57,congress,congress_sell,HUM,Julia Letlow,SELL,1001.0,2026-02-10,
2026-03-24 09:57,congress,congress_sell,THC,Jonathan Jackson,SELL,1001.0,2026-02-11,
2026-03-24 09:57,congress,congress_sell,AMZN,Jonathan Jackson,SELL,1001.0,2026-02-11,
2026-03-24 09:57,congress,congress_buy,C,Jonathan Jackson,BUY,1001.0,2026-02-11,
2026-03-24 09:57,congress,congress_buy,WELL,Jonathan Jackson,BUY,1001.0,2026-02-11,
2026-03-24 09:57,congress,congress_buy,REGN,Julia Letlow,BUY,1001.0,2026-02-12,
2026-03-24 09:57,congress,congress_buy,META,Julia Letlow,BUY,1001.0,2026-02-12,
2026-03-24 09:57,congress,congress_sell,AVGO,Julia Letlow,SELL,1001.0,2026-02-12,
2026-03-24 09:57,congress,congress_sell,ICLR,Julia Letlow,SELL,1001.0,2026-02-12,
2026-03-24 09:57,congress,congress_sell,T,Julia Letlow,SELL,1001.0,2026-02-12,
2026-03-24 09:57,congress,congress_sell,TTWO,Julia Letlow,SELL,1001.0,2026-02-12,
2026-03-24 09:57,congress,congress_buy,EXR,Julia Letlow,BUY,1001.0,2026-02-12,
2026-03-24 09:57,congress,congress_buy,VST,Julia Letlow,BUY,1001.0,2026-02-17,
2026-03-24 09:57,congress,congress_sell,EXE,Julia Letlow,SELL,1001.0,2026-02-17,
2026-03-24 09:57,congress,congress_sell,GEV,Austin Scott,SELL,1001.0,2026-02-17,
2026-03-24 09:57,congress,congress_sell,IBM,Jonathan Jackson,SELL,1001.0,2026-02-17,
2026-03-24 09:57,congress,congress_buy,BK,Jonathan Jackson,BUY,50001.0,2026-02-17,
2026-03-24 09:57,congress,congress_sell,PEG,Julia Letlow,SELL,1001.0,2026-02-17,
2026-03-24 09:57,congress,congress_sell,GE,Austin Scott,SELL,1001.0,2026-02-17,
2026-03-24 09:57,congress,congress_sell,DINO,Julia Letlow,SELL,1001.0,2026-02-20,
2026-03-24 09:57,congress,congress_sell,BXP,Julia Letlow,SELL,1001.0,2026-02-20,
2026-03-24 09:57,congress,congress_buy,TRV,Julia Letlow,BUY,1001.0,2026-02-20,
2026-03-24 09:57,congress,congress_buy,AAPL,Ed Case,BUY,1001.0,2026-02-12,
2026-03-24 09:57,congress,congress_sell,MSFT,Josh Gottheimer,SELL,1001.0,2026-02-02,
2026-03-24 09:57,congress,congress_buy,XOM,Josh Gottheimer,BUY,1001.0,2026-02-02,
2026-03-24 09:57,congress,congress_buy,MNST,Josh Gottheimer,BUY,1001.0,2026-02-02,
2026-03-24 09:57,congress,congress_sell,NET,Josh Gottheimer,SELL,1001.0,2026-02-04,
2026-03-24 09:57,congress,congress_sell,FICO,Josh Gottheimer,SELL,1001.0,2026-02-04,
2026-03-24 09:57,congress,congress_buy,XOM,Josh Gottheimer,BUY,1001.0,2026-02-04,
2026-03-24 09:57,congress,congress_buy,MRK,Josh Gottheimer,BUY,1001.0,2026-02-04,
2026-03-24 09:57,congress,congress_buy,CMI,Josh Gottheimer,BUY,1001.0,2026-02-05,
2026-03-24 09:57,congress,congress_buy,GEV,Josh Gottheimer,BUY,1001.0,2026-02-05,
2026-03-24 09:57,congress,congress_buy,UNH,Josh Gottheimer,BUY,1001.0,2026-02-05,
2026-03-24 09:57,congress,congress_sell,CVNA,Josh Gottheimer,SELL,1001.0,2026-02-18,
2026-03-24 09:57,congress,congress_sell,V,Josh Gottheimer,SELL,1001.0,2026-02-18,
2026-03-24 09:57,congress,congress_sell,INTU,Josh Gottheimer,SELL,1001.0,2026-02-20,
2026-03-24 09:57,congress,congress_buy,FSS,Josh Gottheimer,BUY,1001.0,2026-02-26,
2026-03-24 09:57,congress,congress_buy,IFNNY,Josh Gottheimer,BUY,1001.0,2026-02-27,
2026-03-24 09:57,congress,congress_sell,PANW,Josh Gottheimer,SELL,1001.0,2026-02-27,
2026-03-24 09:57,congress,congress_sell,URI,Thomas Suozzi,SELL,15001.0,2026-02-18,
2026-03-24 09:57,congress,congress_sell,AMD,Thomas Suozzi,SELL,1001.0,2026-02-18,
2026-03-24 09:57,congress,congress_sell,PLTR,Thomas Suozzi,SELL,15001.0,2026-02-18,
2026-03-24 09:57,congress,congress_sell,AAPL,Thomas Suozzi,SELL,15001.0,2026-02-18,
2026-03-24 09:57,congress,congress_buy,MSFT,Cleo Fields,BUY,1001.0,2026-03-12,
2026-03-24 09:57,congress,congress_buy,FCNCA,Thomas H. Kean Jr,BUY,1001.0,2026-02-05,
2026-03-24 09:57,congress,congress_sell,GOOGL,Thomas H. Kean Jr,SELL,15001.0,2026-02-05,
2026-03-24 09:57,congress,congress_sell,WAT,Thomas H. Kean Jr,SELL,1001.0,2026-02-13,
2026-03-24 09:57,congress,congress_buy,LIN,Thomas H. Kean Jr,BUY,1001.0,2026-02-18,
2026-03-24 09:57,congress,congress_sell,WBD,August Lee Pfluger Ii,SELL,1001.0,2026-02-10,
2026-03-24 09:57,congress,congress_buy,WFC,A. Mitchell Jr. McConnell,BUY,1001.0,2026-03-01,
2026-03-24 09:57,congress,congress_buy,RPM,David J. Taylor,BUY,1001.0,2026-03-11,
2026-03-24 09:57,congress,congress_buy,FITB,David J. Taylor,BUY,1001.0,2026-03-11,
2026-03-24 09:57,congress,congress_sell,MPC,David J. Taylor,SELL,1001.0,2026-03-11,
2026-03-24 09:57,congress,congress_sell,CVX,David J. Taylor,SELL,1001.0,2026-03-11,
2026-03-24 09:57,congress,congress_sell,CVX,David J. Taylor,SELL,1001.0,2026-03-12,
2026-03-24 09:57,congress,congress_buy,PH,David J. Taylor,BUY,1001.0,2026-03-12,
2026-03-24 09:57,congress,congress_buy,HD,David J. Taylor,BUY,1001.0,2026-03-12,
2026-03-24 09:57,congress,congress_buy,LRCX,David J. Taylor,BUY,1001.0,2026-03-12,
2026-03-24 09:57,congress,congress_buy,IBP,David J. Taylor,BUY,1001.0,2026-03-12,
2026-03-24 09:57,congress,congress_buy,RPM,David J. Taylor,BUY,1001.0,2026-03-12,
